attribution_share,taxable_share,persistence,incremental_pass_through,damage_dkk_kg,announcement_dkk_kg,implementation_dkk_kg,remaining_gap_dkk_kg
0,.25,1,1,65.91385890609959,0,1.876290787221905,64.03756811887769
.5,.25,1,1,65.91385890609959,4.912913523615307,1.876290787221905,59.12465459526238
1,.25,1,1,65.91385890609959,9.825827047230614,1.876290787221905,54.21174107164707
0,.5,1,1,65.91385890609959,0,3.75258157444381,62.16127733165578
.5,.5,1,1,65.91385890609959,4.912913523615307,3.75258157444381,57.24836380804047
1,.5,1,1,65.91385890609959,9.825827047230614,3.75258157444381,52.33545028442516
0,.75,1,1,65.91385890609959,0,5.628872361665715,60.28498654443388
.5,.75,1,1,65.91385890609959,4.912913523615307,5.628872361665715,55.37207302081857
1,.75,1,1,65.91385890609959,9.825827047230614,5.628872361665715,50.45915949720326
0,1,1,1,65.91385890609959,0,7.50516314888762,58.40869575721197
.5,1,1,1,65.91385890609959,4.912913523615307,7.50516314888762,53.49578223359666
1,1,1,1,65.91385890609959,9.825827047230614,7.50516314888762,48.58286870998135
