persistence,taxable_share,incremental_pass_through,damage_dkk_kg,announcement_dkk_kg,attribution_share,implementation_dkk_kg,remaining_gap_dkk_kg,conf_low,conf_high,sensitivity_low,sensitivity_high
0,0,0,65.91385890609959,0,1,0,65.91385890609959,65.91385890609959,65.91385890609959,32.67169006364116,150.6683700465805
0,0,.5,65.91385890609959,0,1,0,65.91385890609959,65.91385890609959,65.91385890609959,32.67169006364116,150.6683700465805
0,0,1,65.91385890609959,0,1,0,65.91385890609959,65.91385890609959,65.91385890609959,32.67169006364116,150.6683700465805
0,.5,0,65.91385890609959,0,1,0,65.91385890609959,65.91385890609959,65.91385890609959,32.67169006364116,150.6683700465805
0,.5,.5,65.91385890609959,0,1,1.876290787221905,64.03756811887769,64.03756811887769,64.03756811887769,30.79539927641925,148.7920792593586
0,.5,1,65.91385890609959,0,1,3.75258157444381,62.16127733165578,62.16127733165578,62.16127733165578,28.91910848919735,146.9157884721367
0,1,0,65.91385890609959,0,1,0,65.91385890609959,65.91385890609959,65.91385890609959,32.67169006364116,150.6683700465805
0,1,.5,65.91385890609959,0,1,3.75258157444381,62.16127733165578,62.16127733165578,62.16127733165578,28.91910848919735,146.9157884721367
0,1,1,65.91385890609959,0,1,7.50516314888762,58.40869575721197,58.40869575721197,58.40869575721197,25.16652691475354,143.1632068976929
.5,0,0,65.91385890609959,4.912913523615307,1,0,61.00094538248428,55.92303721209336,65.77143337797227,26.96424392298297,144.8141433444592
.5,0,.5,65.91385890609959,4.912913523615307,1,0,61.00094538248428,55.92303721209336,65.77143337797227,26.96424392298297,144.8141433444592
.5,0,1,65.91385890609959,4.912913523615307,1,0,61.00094538248428,55.92303721209336,65.77143337797227,26.96424392298297,144.8141433444592
.5,.5,0,65.91385890609959,4.912913523615307,1,0,61.00094538248428,55.92303721209336,65.77143337797227,26.96424392298297,144.8141433444592
.5,.5,.5,65.91385890609959,4.912913523615307,1,1.876290787221905,59.12465459526238,54.04674642487146,63.89514259075037,25.08795313576107,142.9378525572373
.5,.5,1,65.91385890609959,4.912913523615307,1,3.75258157444381,57.24836380804047,52.17045563764955,62.01885180352846,23.21166234853916,141.0615617700154
.5,1,0,65.91385890609959,4.912913523615307,1,0,61.00094538248428,55.92303721209336,65.77143337797227,26.96424392298297,144.8141433444592
.5,1,.5,65.91385890609959,4.912913523615307,1,3.75258157444381,57.24836380804047,52.17045563764955,62.01885180352846,23.21166234853916,141.0615617700154
.5,1,1,65.91385890609959,4.912913523615307,1,7.50516314888762,53.49578223359666,48.41787406320574,58.26627022908465,19.45908077409535,137.3089801955716
1,0,0,65.91385890609959,9.825827047230614,1,0,56.08803185886897,45.93221551808713,65.62900784984494,20.03145369824468,141.2987386562629
1,0,.5,65.91385890609959,9.825827047230614,1,0,56.08803185886897,45.93221551808713,65.62900784984494,20.03145369824468,141.2987386562629
1,0,1,65.91385890609959,9.825827047230614,1,0,56.08803185886897,45.93221551808713,65.62900784984494,20.03145369824468,141.2987386562629
1,.5,0,65.91385890609959,9.825827047230614,1,0,56.08803185886897,45.93221551808713,65.62900784984494,20.03145369824468,141.2987386562629
1,.5,.5,65.91385890609959,9.825827047230614,1,1.876290787221905,54.21174107164707,44.05592473086523,63.75271706262303,18.15516291102277,139.422447869041
1,.5,1,65.91385890609959,9.825827047230614,1,3.75258157444381,52.33545028442516,42.17963394364332,61.87642627540113,16.27887212380087,137.5461570818191
1,1,0,65.91385890609959,9.825827047230614,1,0,56.08803185886897,45.93221551808713,65.62900784984494,20.03145369824468,141.2987386562629
1,1,.5,65.91385890609959,9.825827047230614,1,3.75258157444381,52.33545028442516,42.17963394364332,61.87642627540113,16.27887212380087,137.5461570818191
1,1,1,65.91385890609959,9.825827047230614,1,7.50516314888762,48.58286870998135,38.42705236919952,58.12384470095732,12.52629054935706,133.7935755073753
