weight,month_id_numeric,total_weight,squared_weight,squared_weight_total,inverse_squared_weight_sum,may_june_weight,positive_weight_months
.076310862725674,2023m4,.9999999999999997,.0058233477699367,.4636302519325499,2.156891177466743,.7853640742159888,4
0,2023m5,.9999999999999997,0,.4636302519325499,2.156891177466743,.7853640742159888,4
0,2023m6,.9999999999999997,0,.4636302519325499,2.156891177466743,.7853640742159888,4
.1383250630583369,2023m7,.9999999999999997,.0191338230700929,.4636302519325499,2.156891177466743,.7853640742159888,4
0,2023m8,.9999999999999997,0,.4636302519325499,2.156891177466743,.7853640742159888,4
0,2023m9,.9999999999999997,0,.4636302519325499,2.156891177466743,.7853640742159888,4
0,2023m10,.9999999999999997,0,.4636302519325499,2.156891177466743,.7853640742159888,4
0,2023m11,.9999999999999997,0,.4636302519325499,2.156891177466743,.7853640742159888,4
0,2023m12,.9999999999999997,0,.4636302519325499,2.156891177466743,.7853640742159888,4
0,2024m1,.9999999999999997,0,.4636302519325499,2.156891177466743,.7853640742159888,4
0,2024m2,.9999999999999997,0,.4636302519325499,2.156891177466743,.7853640742159888,4
0,2024m3,.9999999999999997,0,.4636302519325499,2.156891177466743,.7853640742159888,4
0,2024m4,.9999999999999997,0,.4636302519325499,2.156891177466743,.7853640742159888,4
.1374618218448301,2024m5,.9999999999999997,.0188957524648998,.4636302519325499,2.156891177466743,.7853640742159888,4
.6479022523711586,2024m6,.9999999999999997,.4197773286276205,.4636302519325499,2.156891177466743,.7853640742159888,4
