geo,country,month,hicp,flag,coicop,index_unit,month_id,ln_price,denmark,post,treated_post,valid_months,unit
AT,Austria,2023-04,120.95,,CP01121,I15,2023m4,4.795377237056036,0,0,0,30,AT
AT,Austria,2023-05,120.45,,CP01121,I15,2023m5,4.79123472906088,0,0,0,30,AT
AT,Austria,2023-06,121.82,,CP01121,I15,2023m6,4.802544545408338,0,0,0,30,AT
AT,Austria,2023-07,121.91,,CP01121,I15,2023m7,4.803283067577055,0,0,0,30,AT
AT,Austria,2023-08,121.38,,CP01121,I15,2023m8,4.798926120407709,0,0,0,30,AT
AT,Austria,2023-09,120.19,,CP01121,I15,2023m9,4.789073823964697,0,0,0,30,AT
AT,Austria,2023-10,119.89,,CP01121,I15,2023m10,4.786574655719562,0,0,0,30,AT
AT,Austria,2023-11,121.98,,CP01121,I15,2023m11,4.803857096868311,0,0,0,30,AT
AT,Austria,2023-12,123.06,,CP01121,I15,2023m12,4.812672041312344,0,0,0,30,AT
AT,Austria,2024-01,122.45,,CP01121,I15,2024m1,4.807702783398176,0,0,0,30,AT
AT,Austria,2024-02,124.54,,CP01121,I15,2024m2,4.824626949444306,0,0,0,30,AT
AT,Austria,2024-03,122.01,,CP01121,I15,2024m3,4.804103008587242,0,0,0,30,AT
AT,Austria,2024-04,124.19,,CP01121,I15,2024m4,4.821812650959941,0,0,0,30,AT
AT,Austria,2024-05,125.79,,CP01121,I15,2024m5,4.834613849850781,0,0,0,30,AT
AT,Austria,2024-06,125.26,,CP01121,I15,2024m6,4.830391577097267,0,0,0,30,AT
AT,Austria,2024-07,122.2,,CP01121,I15,2024m7,4.805659046737495,0,1,0,30,AT
AT,Austria,2024-08,123.32,,CP01121,I15,2024m8,4.814782603017949,0,1,0,30,AT
AT,Austria,2024-09,127.06,,CP01121,I15,2024m9,4.844659415838387,0,1,0,30,AT
AT,Austria,2024-10,127.22,,CP01121,I15,2024m10,4.845917871250658,0,1,0,30,AT
AT,Austria,2024-11,126.99,,CP01121,I15,2024m11,4.844108343200942,0,1,0,30,AT
AT,Austria,2024-12,127.59,,CP01121,I15,2024m12,4.848821997933652,0,1,0,30,AT
AT,Austria,2025-01,132.28,,CP01121,I15,2025m1,4.884920888113592,0,1,0,30,AT
AT,Austria,2025-02,132.62,,CP01121,I15,2025m2,4.887487895940722,0,1,0,30,AT
AT,Austria,2025-03,132.72,,CP01121,I15,2025m3,4.888241645882189,0,1,0,30,AT
AT,Austria,2025-04,136.61,,CP01121,I15,2025m4,4.917130150899396,0,1,0,30,AT
AT,Austria,2025-05,138.23,,CP01121,I15,2025m5,4.928918964476265,0,1,0,30,AT
AT,Austria,2025-06,142.27,,CP01121,I15,2025m6,4.957726660663075,0,1,0,30,AT
AT,Austria,2025-07,146.55,,CP01121,I15,2025m7,4.987366667156902,0,1,0,30,AT
AT,Austria,2025-08,146.8,,CP01121,I15,2025m8,4.989071116180416,0,1,0,30,AT
AT,Austria,2025-09,150.41,,CP01121,I15,2025m9,5.013364898667122,0,1,0,30,AT
BE,Belgium,2023-04,119.32,,CP01121,I15,2023m4,4.781808959646548,0,0,0,30,BE
BE,Belgium,2023-05,120.08,,CP01121,I15,2023m5,4.788158187325206,0,0,0,30,BE
BE,Belgium,2023-06,120.97,,CP01121,I15,2023m6,4.795542580971757,0,0,0,30,BE
BE,Belgium,2023-07,120.99,,CP01121,I15,2023m7,4.795707897553386,0,0,0,30,BE
BE,Belgium,2023-08,122.75,,CP01121,I15,2023m8,4.81014976667463,0,0,0,30,BE
BE,Belgium,2023-09,121.89,,CP01121,I15,2023m9,4.803118998667745,0,0,0,30,BE
BE,Belgium,2023-10,121.69,,CP01121,I15,2023m10,4.801476827348709,0,0,0,30,BE
BE,Belgium,2023-11,122.12,,CP01121,I15,2023m11,4.805004167866677,0,0,0,30,BE
BE,Belgium,2023-12,122.08,,CP01121,I15,2023m12,4.804676567536147,0,0,0,30,BE
BE,Belgium,2024-01,122.64,,CP01121,I15,2024m1,4.809253234563559,0,0,0,30,BE
BE,Belgium,2024-02,123.03,,CP01121,I15,2024m2,4.812428228072077,0,0,0,30,BE
BE,Belgium,2024-03,123.82,,CP01121,I15,2024m3,4.818828898091086,0,0,0,30,BE
BE,Belgium,2024-04,122.26,,CP01121,I15,2024m4,4.80614992460058,0,0,0,30,BE
BE,Belgium,2024-05,123.71,,CP01121,I15,2024m5,4.81794011687474,0,0,0,30,BE
BE,Belgium,2024-06,122.76,,CP01121,I15,2024m6,4.810231229751535,0,0,0,30,BE
BE,Belgium,2024-07,123.67,,CP01121,I15,2024m7,4.817616727753966,0,1,0,30,BE
BE,Belgium,2024-08,123.55,,CP01121,I15,2024m8,4.816645932434619,0,1,0,30,BE
BE,Belgium,2024-09,123.84,,CP01121,I15,2024m9,4.818990409841417,0,1,0,30,BE
BE,Belgium,2024-10,124.64,,CP01121,I15,2024m10,4.825429582122438,0,1,0,30,BE
BE,Belgium,2024-11,124.67,,CP01121,I15,2024m11,4.825670246356884,0,1,0,30,BE
BE,Belgium,2024-12,125,,CP01121,I15,2024m12,4.828313737302302,0,1,0,30,BE
BE,Belgium,2025-01,126.84,,CP01121,I15,2025m1,4.842926449670147,0,1,0,30,BE
BE,Belgium,2025-02,126.85,,CP01121,I15,2025m2,4.843005286045291,0,1,0,30,BE
BE,Belgium,2025-03,128.71,,CP01121,I15,2025m3,4.857561811661286,0,1,0,30,BE
BE,Belgium,2025-04,130.32,,CP01121,I15,2025m4,4.86999296429379,0,1,0,30,BE
BE,Belgium,2025-05,134.05,,CP01121,I15,2025m5,4.898212864681969,0,1,0,30,BE
BE,Belgium,2025-06,138.11,,CP01121,I15,2025m6,4.928050469089837,0,1,0,30,BE
BE,Belgium,2025-07,141.9,,CP01121,I15,2025m7,4.955122584165997,0,1,0,30,BE
BE,Belgium,2025-08,143.52,,CP01121,I15,2025m8,4.966474398310486,0,1,0,30,BE
BE,Belgium,2025-09,144.52,,CP01121,I15,2025m9,4.973417906279439,0,1,0,30,BE
BG,Bulgaria,2023-04,157.59,,CP01121,I15,2023m4,5.05999672363398,0,0,0,30,BG
BG,Bulgaria,2023-05,158.64,,CP01121,I15,2023m5,5.06663748421154,0,0,0,30,BG
BG,Bulgaria,2023-06,160.72,,CP01121,I15,2023m6,5.079663720506679,0,0,0,30,BG
BG,Bulgaria,2023-07,158.24,,CP01121,I15,2023m7,5.064112867874402,0,0,0,30,BG
BG,Bulgaria,2023-08,158.43,,CP01121,I15,2023m8,5.065312855386951,0,0,0,30,BG
BG,Bulgaria,2023-09,159.28,,CP01121,I15,2023m9,5.070663659755941,0,0,0,30,BG
BG,Bulgaria,2023-10,159.73,,CP01121,I15,2023m10,5.073484889801866,0,0,0,30,BG
BG,Bulgaria,2023-11,160.21,,CP01121,I15,2023m11,5.076485454658623,0,0,0,30,BG
BG,Bulgaria,2023-12,162.77,,CP01121,I15,2023m12,5.092338161403407,0,0,0,30,BG
BG,Bulgaria,2024-01,162.76,,CP01121,I15,2024m1,5.092276723133489,0,0,0,30,BG
BG,Bulgaria,2024-02,164.8,,CP01121,I15,2024m2,5.104732617475372,0,0,0,30,BG
BG,Bulgaria,2024-03,163.22,,CP01121,I15,2024m3,5.095098984041097,0,0,0,30,BG
BG,Bulgaria,2024-04,162.09,,CP01121,I15,2024m4,5.088151736524084,0,0,0,30,BG
BG,Bulgaria,2024-05,163.73,,CP01121,I15,2024m5,5.098218729651401,0,0,0,30,BG
BG,Bulgaria,2024-06,165.25,,CP01121,I15,2024m6,5.107459478731796,0,0,0,30,BG
BG,Bulgaria,2024-07,166.2,,CP01121,I15,2024m7,5.113191882421348,0,1,0,30,BG
BG,Bulgaria,2024-08,164.52,,CP01121,I15,2024m8,5.103032143362223,0,1,0,30,BG
BG,Bulgaria,2024-09,166.66,,CP01121,I15,2024m9,5.115955808954061,0,1,0,30,BG
BG,Bulgaria,2024-10,167.48,,CP01121,I15,2024m10,5.120863941150943,0,1,0,30,BG
BG,Bulgaria,2024-11,167.04,,CP01121,I15,2024m11,5.118233304694274,0,1,0,30,BG
BG,Bulgaria,2024-12,170.5,,CP01121,I15,2024m12,5.138735296723572,0,1,0,30,BG
BG,Bulgaria,2025-01,172.05,,CP01121,I15,2025m1,5.14778513224349,0,1,0,30,BG
BG,Bulgaria,2025-02,170.49,,CP01121,I15,2025m2,5.13867664397714,0,1,0,30,BG
BG,Bulgaria,2025-03,170.87,,CP01121,I15,2025m3,5.140903033460182,0,1,0,30,BG
BG,Bulgaria,2025-04,172.13,,CP01121,I15,2025m4,5.148250005283415,0,1,0,30,BG
BG,Bulgaria,2025-05,178.1,,CP01121,I15,2025m5,5.182345190295616,0,1,0,30,BG
BG,Bulgaria,2025-06,181.78,,CP01121,I15,2025m6,5.202797164690624,0,1,0,30,BG
BG,Bulgaria,2025-07,184.77,,CP01121,I15,2025m7,5.219111808367062,0,1,0,30,BG
BG,Bulgaria,2025-08,187.5,,CP01121,I15,2025m8,5.233778845410465,0,1,0,30,BG
BG,Bulgaria,2025-09,184.46,,CP01121,I15,2025m9,5.217432637807573,0,1,0,30,BG
CY,Cyprus,2023-04,133.24,,CP01121,I15,2023m4,4.892152013325479,0,0,0,30,CY
CY,Cyprus,2023-05,133.63,,CP01121,I15,2023m5,4.89507478679297,0,0,0,30,CY
CY,Cyprus,2023-06,135.04,,CP01121,I15,2023m6,4.905571030847647,0,0,0,30,CY
CY,Cyprus,2023-07,135.53,,CP01121,I15,2023m7,4.909193018027924,0,0,0,30,CY
CY,Cyprus,2023-08,137.02,,CP01121,I15,2023m8,4.920126900574753,0,0,0,30,CY
CY,Cyprus,2023-09,137.46,,CP01121,I15,2023m9,4.923332965693459,0,0,0,30,CY
CY,Cyprus,2023-10,137.17,,CP01121,I15,2023m10,4.921221032490315,0,0,0,30,CY
CY,Cyprus,2023-11,137.98,,CP01121,I15,2023m11,4.927108747117963,0,0,0,30,CY
CY,Cyprus,2023-12,132.96,,CP01121,I15,2023m12,4.890048331107138,0,0,0,30,CY
CY,Cyprus,2024-01,134.35,,CP01121,I15,2024m1,4.9004483350615,0,0,0,30,CY
CY,Cyprus,2024-02,135.7,,CP01121,I15,2024m2,4.910446566840823,0,0,0,30,CY
CY,Cyprus,2024-03,136.16,,CP01121,I15,2024m3,4.913830664825064,0,0,0,30,CY
CY,Cyprus,2024-04,137.19,,CP01121,I15,2024m4,4.921366826338073,0,0,0,30,CY
CY,Cyprus,2024-05,138.1,,CP01121,I15,2024m5,4.927978060415247,0,0,0,30,CY
CY,Cyprus,2024-06,138.12,,CP01121,I15,2024m6,4.928122872521792,0,0,0,30,CY
CY,Cyprus,2024-07,138.82,,CP01121,I15,2024m7,4.933178129911438,0,1,0,30,CY
CY,Cyprus,2024-08,140.04,,CP01121,I15,2024m8,4.941928096086465,0,1,0,30,CY
CY,Cyprus,2024-09,141.49,,CP01121,I15,2024m9,4.952229043207861,0,1,0,30,CY
CY,Cyprus,2024-10,148.67,,CP01121,I15,2024m10,5.00172908462526,0,1,0,30,CY
CY,Cyprus,2024-11,149.38,,CP01121,I15,2024m11,5.006493394928921,0,1,0,30,CY
CY,Cyprus,2024-12,148.58,,CP01121,I15,2024m12,5.001123533723661,0,1,0,30,CY
CY,Cyprus,2025-01,148.38,,CP01121,I15,2025m1,4.999776550761379,0,1,0,30,CY
CY,Cyprus,2025-02,148.33,,CP01121,I15,2025m2,4.999439521335521,0,1,0,30,CY
CY,Cyprus,2025-03,147.16,,CP01121,I15,2025m3,4.991520430236574,0,1,0,30,CY
CY,Cyprus,2025-04,148.45,,CP01121,I15,2025m4,5.000248201209769,0,1,0,30,CY
CY,Cyprus,2025-05,149.99,,CP01121,I15,2025m5,5.010568625207268,0,1,0,30,CY
CY,Cyprus,2025-06,158.52,,CP01121,I15,2025m6,5.065880768322234,0,1,0,30,CY
CY,Cyprus,2025-07,158.9,,CP01121,I15,2025m7,5.06827507354267,0,1,0,30,CY
CY,Cyprus,2025-08,163.21,,CP01121,I15,2025m8,5.095037715162604,0,1,0,30,CY
CY,Cyprus,2025-09,163.66,,CP01121,I15,2025m9,5.097791105099236,0,1,0,30,CY
CZ,Czechia,2023-04,135.4,,CP01121,I15,2023m4,4.908233360478174,0,0,0,30,CZ
CZ,Czechia,2023-05,138.6,,CP01121,I15,2023m5,4.931592086755803,0,0,0,30,CZ
CZ,Czechia,2023-06,135.9,,CP01121,I15,2023m6,4.911919321157098,0,0,0,30,CZ
CZ,Czechia,2023-07,138.5,,CP01121,I15,2023m7,4.930870325627393,0,0,0,30,CZ
CZ,Czechia,2023-08,138.5,,CP01121,I15,2023m8,4.930870325627393,0,0,0,30,CZ
CZ,Czechia,2023-09,136.1,,CP01121,I15,2023m9,4.91338990965742,0,0,0,30,CZ
CZ,Czechia,2023-10,138.9,,CP01121,I15,2023m10,4.933754249760298,0,0,0,30,CZ
CZ,Czechia,2023-11,137.4,,CP01121,I15,2023m11,4.922896379788249,0,0,0,30,CZ
CZ,Czechia,2023-12,136.8,,CP01121,I15,2023m12,4.918520005188451,0,0,0,30,CZ
CZ,Czechia,2024-01,134.2,,CP01121,I15,2024m1,4.899331224537582,0,0,0,30,CZ
CZ,Czechia,2024-02,133.3,,CP01121,I15,2024m2,4.892602227184663,0,0,0,30,CZ
CZ,Czechia,2024-03,133.2,,CP01121,I15,2024m3,4.891851758106289,0,0,0,30,CZ
CZ,Czechia,2024-04,131.4,,CP01121,I15,2024m4,4.87824610605051,0,0,0,30,CZ
CZ,Czechia,2024-05,134.6,,CP01121,I15,2024m5,4.902307417210627,0,0,0,30,CZ
CZ,Czechia,2024-06,135.9,,CP01121,I15,2024m6,4.911919321157098,0,0,0,30,CZ
CZ,Czechia,2024-07,136,,CP01121,I15,2024m7,4.912654885736052,0,1,0,30,CZ
CZ,Czechia,2024-08,138.2,,CP01121,I15,2024m8,4.92870191133357,0,1,0,30,CZ
CZ,Czechia,2024-09,138.8,,CP01121,I15,2024m9,4.933034048072704,0,1,0,30,CZ
CZ,Czechia,2024-10,139.8,,CP01121,I15,2024m10,4.94021282979971,0,1,0,30,CZ
CZ,Czechia,2024-11,140.4,,CP01121,I15,2024m11,4.944495491591711,0,1,0,30,CZ
CZ,Czechia,2024-12,141.9,,CP01121,I15,2024m12,4.955122584165997,0,1,0,30,CZ
CZ,Czechia,2025-01,145.9,,CP01121,I15,2025m1,4.98292145552874,0,1,0,30,CZ
CZ,Czechia,2025-02,144.3,,CP01121,I15,2025m2,4.971894465779825,0,1,0,30,CZ
CZ,Czechia,2025-03,143.7,,CP01121,I15,2025m3,4.967727793084979,0,1,0,30,CZ
CZ,Czechia,2025-04,150.6,,CP01121,I15,2025m4,5.014627315365793,0,1,0,30,CZ
CZ,Czechia,2025-05,155.8,,CP01121,I15,2025m5,5.048573133436648,0,1,0,30,CZ
CZ,Czechia,2025-06,162,,CP01121,I15,2025m6,5.087596335232384,0,1,0,30,CZ
CZ,Czechia,2025-07,165.9,,CP01121,I15,2025m7,5.111385197196399,0,1,0,30,CZ
CZ,Czechia,2025-08,171.2,,CP01121,I15,2025m8,5.142832463707641,0,1,0,30,CZ
CZ,Czechia,2025-09,172.5,,CP01121,I15,2025m9,5.150397236471415,0,1,0,30,CZ
DE,Germany,2023-04,139.5,,CP01121,I15,2023m4,4.93806460126142,0,0,0,30,DE
DE,Germany,2023-05,140.6,,CP01121,I15,2023m5,4.945918979376565,0,0,0,30,DE
DE,Germany,2023-06,142.3,,CP01121,I15,2023m6,4.957937505095806,0,0,0,30,DE
DE,Germany,2023-07,140.7,,CP01121,I15,2023m7,4.946629964120343,0,0,0,30,DE
DE,Germany,2023-08,141.9,,CP01121,I15,2023m8,4.955122584165997,0,0,0,30,DE
DE,Germany,2023-09,140.7,,CP01121,I15,2023m9,4.946629964120343,0,0,0,30,DE
DE,Germany,2023-10,140.1,,CP01121,I15,2023m10,4.942356453342962,0,0,0,30,DE
DE,Germany,2023-11,142,,CP01121,I15,2023m11,4.955827057601261,0,0,0,30,DE
DE,Germany,2023-12,141.2,,CP01121,I15,2023m12,4.950177325059141,0,0,0,30,DE
DE,Germany,2024-01,142.9,,CP01121,I15,2024m1,4.962145084935822,0,0,0,30,DE
DE,Germany,2024-02,144.3,,CP01121,I15,2024m2,4.971894465779825,0,0,0,30,DE
DE,Germany,2024-03,144.6,,CP01121,I15,2024m3,4.973971309724664,0,0,0,30,DE
DE,Germany,2024-04,144.6,,CP01121,I15,2024m4,4.973971309724664,0,0,0,30,DE
DE,Germany,2024-05,143.4,,CP01121,I15,2024m5,4.96563792816552,0,0,0,30,DE
DE,Germany,2024-06,144.8,,CP01121,I15,2024m6,4.975353479951616,0,0,0,30,DE
DE,Germany,2024-07,144.3,,CP01121,I15,2024m7,4.971894465779825,0,1,0,30,DE
DE,Germany,2024-08,145.4,,CP01121,I15,2024m8,4.979488565099419,0,1,0,30,DE
DE,Germany,2024-09,144.8,,CP01121,I15,2024m9,4.975353479951616,0,1,0,30,DE
DE,Germany,2024-10,147.2,,CP01121,I15,2024m10,4.991792206294776,0,1,0,30,DE
DE,Germany,2024-11,148.8,,CP01121,I15,2024m11,5.002603122398992,0,1,0,30,DE
DE,Germany,2024-12,148.8,,CP01121,I15,2024m12,5.002603122398992,0,1,0,30,DE
DE,Germany,2025-01,148.2,,CP01121,I15,2025m1,4.998562712861986,0,1,0,30,DE
DE,Germany,2025-02,149.3,,CP01121,I15,2025m2,5.005957704545144,0,1,0,30,DE
DE,Germany,2025-03,152.4,,CP01121,I15,2025m3,5.026508643252546,0,1,0,30,DE
DE,Germany,2025-04,155.2,,CP01121,I15,2025m4,5.044714607749119,0,1,0,30,DE
DE,Germany,2025-05,157.2,,CP01121,I15,2025m5,5.057518879995106,0,1,0,30,DE
DE,Germany,2025-06,158.5,,CP01121,I15,2025m6,5.065754593317335,0,1,0,30,DE
DE,Germany,2025-07,160.3,,CP01121,I15,2025m7,5.077047059615508,0,1,0,30,DE
DE,Germany,2025-08,161.9,,CP01121,I15,2025m8,5.08697886068359,0,1,0,30,DE
DE,Germany,2025-09,162.8,,CP01121,I15,2025m9,5.09252245356844,0,1,0,30,DE
DK,Denmark,2023-04,121.7,,CP01121,I15,2023m4,4.801558999993482,1,0,0,30,DK
DK,Denmark,2023-05,122.7,,CP01121,I15,2023m5,4.809742351716865,1,0,0,30,DK
DK,Denmark,2023-06,124.7,,CP01121,I15,2023m6,4.825910852685991,1,0,0,30,DK
DK,Denmark,2023-07,124.9,,CP01121,I15,2023m7,4.827513417131532,1,0,0,30,DK
DK,Denmark,2023-08,124.4,,CP01121,I15,2023m8,4.823502180305079,1,0,0,30,DK
DK,Denmark,2023-09,121.2,,CP01121,I15,2023m9,4.797442073635214,1,0,0,30,DK
DK,Denmark,2023-10,121.8,,CP01121,I15,2023m10,4.802380355275797,1,0,0,30,DK
DK,Denmark,2023-11,121,,CP01121,I15,2023m11,4.795790545596741,1,0,0,30,DK
DK,Denmark,2023-12,119,,CP01121,I15,2023m12,4.77912349311153,1,0,0,30,DK
DK,Denmark,2024-01,122.9,,CP01121,I15,2024m1,4.811371016571989,1,0,0,30,DK
DK,Denmark,2024-02,119.5,,CP01121,I15,2024m2,4.783316371371566,1,0,0,30,DK
DK,Denmark,2024-03,122,,CP01121,I15,2024m3,4.804021044733257,1,0,0,30,DK
DK,Denmark,2024-04,122.1,,CP01121,I15,2024m4,4.804840381116659,1,0,0,30,DK
DK,Denmark,2024-05,121.9,,CP01121,I15,2024m5,4.803201036487226,1,0,0,30,DK
DK,Denmark,2024-06,123.4,,CP01121,I15,2024m6,4.815431111471288,1,0,0,30,DK
DK,Denmark,2024-07,126.9,,CP01121,I15,2024m7,4.843399374720342,1,1,1,30,DK
DK,Denmark,2024-08,125.5,,CP01121,I15,2024m8,4.832305758571839,1,1,1,30,DK
DK,Denmark,2024-09,124.9,,CP01121,I15,2024m9,4.827513417131532,1,1,1,30,DK
DK,Denmark,2024-10,125.1,,CP01121,I15,2024m10,4.829113417472866,1,1,1,30,DK
DK,Denmark,2024-11,124.6,,CP01121,I15,2024m11,4.825108606353353,1,1,1,30,DK
DK,Denmark,2024-12,123.9,,CP01121,I15,2024m12,4.819474788635096,1,1,1,30,DK
DK,Denmark,2025-01,129.2,,CP01121,I15,2025m1,4.861361591348501,1,1,1,30,DK
DK,Denmark,2025-02,128.4,,CP01121,I15,2025m2,4.855150391255861,1,1,1,30,DK
DK,Denmark,2025-03,132.6,,CP01121,I15,2025m3,4.887337077751762,1,1,1,30,DK
DK,Denmark,2025-04,137.3,,CP01121,I15,2025m4,4.922168312773925,1,1,1,30,DK
DK,Denmark,2025-05,140.8,,CP01121,I15,2025m5,4.947340443723943,1,1,1,30,DK
DK,Denmark,2025-06,148.7,,CP01121,I15,2025m6,5.001930853466109,1,1,1,30,DK
DK,Denmark,2025-07,153.4,,CP01121,I15,2025m7,5.033048888933155,1,1,1,30,DK
DK,Denmark,2025-08,153.5,,CP01121,I15,2025m8,5.033700567027251,1,1,1,30,DK
DK,Denmark,2025-09,155,,CP01121,I15,2025m9,5.043425116919247,1,1,1,30,DK
EE,Estonia,2023-04,205.53,,CP01121,I15,2023m4,5.325592008682918,0,0,0,30,EE
EE,Estonia,2023-05,203.79,,CP01121,I15,2023m5,5.31709005187132,0,0,0,30,EE
EE,Estonia,2023-06,204.78,,CP01121,I15,2023m6,5.321936232146671,0,0,0,30,EE
EE,Estonia,2023-07,204.23,,CP01121,I15,2023m7,5.319246809729067,0,0,0,30,EE
EE,Estonia,2023-08,206.46,,CP01121,I15,2023m8,5.330106689037444,0,0,0,30,EE
EE,Estonia,2023-09,207.48,,CP01121,I15,2023m9,5.335034949483199,0,0,0,30,EE
EE,Estonia,2023-10,209.45,,CP01121,I15,2023m10,5.344485047393044,0,0,0,30,EE
EE,Estonia,2023-11,209.22,,CP01121,I15,2023m11,5.343386329915615,0,0,0,30,EE
EE,Estonia,2023-12,209.7,,CP01121,I15,2023m12,5.345677937907874,0,0,0,30,EE
EE,Estonia,2024-01,213.78,,CP01121,I15,2024m1,5.3649474488458,0,0,0,30,EE
EE,Estonia,2024-02,216.59,,CP01121,I15,2024m2,5.378006165449404,0,0,0,30,EE
EE,Estonia,2024-03,215.96,,CP01121,I15,2024m3,5.375093205350086,0,0,0,30,EE
EE,Estonia,2024-04,216.27,,CP01121,I15,2024m4,5.376527627084597,0,0,0,30,EE
EE,Estonia,2024-05,217.35,,CP01121,I15,2024m5,5.381508957434801,0,0,0,30,EE
EE,Estonia,2024-06,217.09,,CP01121,I15,2024m6,5.380312014100664,0,0,0,30,EE
EE,Estonia,2024-07,220.87,,CP01121,I15,2024m7,5.397574293145378,0,1,0,30,EE
EE,Estonia,2024-08,220.57,,CP01121,I15,2024m8,5.396215104824496,0,1,0,30,EE
EE,Estonia,2024-09,222.15,,CP01121,I15,2024m9,5.403352829381918,0,1,0,30,EE
EE,Estonia,2024-10,226.21,,CP01121,I15,2024m10,5.421463771369744,0,1,0,30,EE
EE,Estonia,2024-11,226.25,,CP01121,I15,2024m11,5.421640582580036,0,1,0,30,EE
EE,Estonia,2024-12,220.74,,CP01121,I15,2024m12,5.396985538344738,0,1,0,30,EE
EE,Estonia,2025-01,219.37,,CP01121,I15,2025m1,5.390759801937596,0,1,0,30,EE
EE,Estonia,2025-02,222.88,,CP01121,I15,2025m2,5.406633510031496,0,1,0,30,EE
EE,Estonia,2025-03,223.99,,CP01121,I15,2025m3,5.411601408001375,0,1,0,30,EE
EE,Estonia,2025-04,227.26,,CP01121,I15,2025m4,5.426094736489863,0,1,0,30,EE
EE,Estonia,2025-05,230.18,,CP01121,I15,2025m5,5.438861611540345,0,1,0,30,EE
EE,Estonia,2025-06,243.25,,CP01121,I15,2025m6,5.494089721066114,0,1,0,30,EE
EE,Estonia,2025-07,253.9,,CP01121,I15,2025m7,5.536940488710632,0,1,0,30,EE
EE,Estonia,2025-08,267.69,,CP01121,I15,2025m8,5.58982959458017,0,1,0,30,EE
EE,Estonia,2025-09,261.5,,CP01121,I15,2025m9,5.566434283504978,0,1,0,30,EE
EL,Greece,2023-04,132.58,,CP01121,I15,2023m4,4.887186236813245,0,0,0,30,EL
EL,Greece,2023-05,132.11,,CP01121,I15,2023m5,4.883634908890262,0,0,0,30,EL
EL,Greece,2023-06,132.17,,CP01121,I15,2023m6,4.884088972769716,0,0,0,30,EL
EL,Greece,2023-07,133.61,,CP01121,I15,2023m7,4.894925108600803,0,0,0,30,EL
EL,Greece,2023-08,133.87,,CP01121,I15,2023m8,4.896869179797807,0,0,0,30,EL
EL,Greece,2023-09,133.05,,CP01121,I15,2023m9,4.890724997423698,0,0,0,30,EL
EL,Greece,2023-10,133.31,,CP01121,I15,2023m10,4.892677243125585,0,0,0,30,EL
EL,Greece,2023-11,133.58,,CP01121,I15,2023m11,4.89470054929749,0,0,0,30,EL
EL,Greece,2023-12,134.18,,CP01121,I15,2023m12,4.899182182134742,0,0,0,30,EL
EL,Greece,2024-01,134.56,,CP01121,I15,2024m1,4.902010196224638,0,0,0,30,EL
EL,Greece,2024-02,136.02,,CP01121,I15,2024m2,4.912801933747493,0,0,0,30,EL
EL,Greece,2024-03,136.35,,CP01121,I15,2024m3,4.915225109291598,0,0,0,30,EL
EL,Greece,2024-04,135.53,,CP01121,I15,2024m4,4.909193018027924,0,0,0,30,EL
EL,Greece,2024-05,135.07,,CP01121,I15,2024m5,4.905793162572673,0,0,0,30,EL
EL,Greece,2024-06,135.27,,CP01121,I15,2024m6,4.907272781101103,0,0,0,30,EL
EL,Greece,2024-07,137.31,,CP01121,I15,2024m7,4.92224114333366,0,1,0,30,EL
EL,Greece,2024-08,137.23,,CP01121,I15,2024m8,4.921658350281541,0,1,0,30,EL
EL,Greece,2024-09,136.67,,CP01121,I15,2024m9,4.917569260976709,0,1,0,30,EL
EL,Greece,2024-10,139.4,,CP01121,I15,2024m10,4.937347498326424,0,1,0,30,EL
EL,Greece,2024-11,139.05,,CP01121,I15,2024m11,4.934833580679974,0,1,0,30,EL
EL,Greece,2024-12,140.06,,CP01121,I15,2024m12,4.942070902227372,0,1,0,30,EL
EL,Greece,2025-01,142.18,,CP01121,I15,2025m1,4.957093860501337,0,1,0,30,EL
EL,Greece,2025-02,143.84,,CP01121,I15,2025m2,4.96870157072331,0,1,0,30,EL
EL,Greece,2025-03,149.48,,CP01121,I15,2025m3,5.007162604617283,0,1,0,30,EL
EL,Greece,2025-04,151.07,,CP01121,I15,2025m4,5.017743305555634,0,1,0,30,EL
EL,Greece,2025-05,153.59,,CP01121,I15,2025m5,5.034286714427537,0,1,0,30,EL
EL,Greece,2025-06,155.65,,CP01121,I15,2025m6,5.047609896887617,0,1,0,30,EL
EL,Greece,2025-07,157.38,,CP01121,I15,2025m7,5.058663263106837,0,1,0,30,EL
EL,Greece,2025-08,158.74,,CP01121,I15,2025m8,5.06726764366273,0,1,0,30,EL
EL,Greece,2025-09,161.91,,CP01121,I15,2025m9,5.087040625298661,0,1,0,30,EL
ES,Spain,2023-04,129.25,,CP01121,I15,2023m4,4.861748513388538,0,0,0,30,ES
ES,Spain,2023-05,129.65,,CP01121,I15,2023m5,4.864838511984673,0,0,0,30,ES
ES,Spain,2023-06,130.1,,CP01121,I15,2023m6,4.86830338551846,0,0,0,30,ES
ES,Spain,2023-07,129.77,,CP01121,I15,2023m7,4.865763652749139,0,0,0,30,ES
ES,Spain,2023-08,130.27,,CP01121,I15,2023m8,4.869609219709472,0,0,0,30,ES
ES,Spain,2023-09,130.31,,CP01121,I15,2023m9,4.869916227156815,0,0,0,30,ES
ES,Spain,2023-10,131,,CP01121,I15,2023m10,4.875197323201151,0,0,0,30,ES
ES,Spain,2023-11,131.57,,CP01121,I15,2023m11,4.879539029377747,0,0,0,30,ES
ES,Spain,2023-12,131.94,,CP01121,I15,2023m12,4.882347273794725,0,0,0,30,ES
ES,Spain,2024-01,132.41,,CP01121,I15,2024m1,4.885903169351665,0,0,0,30,ES
ES,Spain,2024-02,132.33,,CP01121,I15,2024m2,4.885298802784958,0,0,0,30,ES
ES,Spain,2024-03,132.41,,CP01121,I15,2024m3,4.885903169351665,0,0,0,30,ES
ES,Spain,2024-04,132.91,,CP01121,I15,2024m4,4.889672207433241,0,0,0,30,ES
ES,Spain,2024-05,133.44,,CP01121,I15,2024m5,4.893651938610437,0,0,0,30,ES
ES,Spain,2024-06,133.6,,CP01121,I15,2024m6,4.894850261102546,0,0,0,30,ES
ES,Spain,2024-07,133.82,,CP01121,I15,2024m7,4.896495613354671,0,1,0,30,ES
ES,Spain,2024-08,134.05,,CP01121,I15,2024m8,4.898212864681969,0,1,0,30,ES
ES,Spain,2024-09,134.57,,CP01121,I15,2024m9,4.90208450975345,0,1,0,30,ES
ES,Spain,2024-10,136.62,,CP01121,I15,2024m10,4.917203349303703,0,1,0,30,ES
ES,Spain,2024-11,138.78,,CP01121,I15,2024m11,4.932889945471403,0,1,0,30,ES
ES,Spain,2024-12,141.64,,CP01121,I15,2024m12,4.953288627243703,0,1,0,30,ES
ES,Spain,2025-01,143.79,,CP01121,I15,2025m1,4.96835390183965,0,1,0,30,ES
ES,Spain,2025-02,146.37,,CP01121,I15,2025m2,4.986137662495856,0,1,0,30,ES
ES,Spain,2025-03,148.64,,CP01121,I15,2025m3,5.001527275065528,0,1,0,30,ES
ES,Spain,2025-04,150.18,,CP01121,I15,2025m4,5.011834574671738,0,1,0,30,ES
ES,Spain,2025-05,151.34,,CP01121,I15,2025m5,5.019528961266375,0,1,0,30,ES
ES,Spain,2025-06,152.95,,CP01121,I15,2025m6,5.030111070596912,0,1,0,30,ES
ES,Spain,2025-07,153.99,,CP01121,I15,2025m7,5.036887665240322,0,1,0,30,ES
ES,Spain,2025-08,154.85,,CP01121,I15,2025m8,5.042456906419212,0,1,0,30,ES
ES,Spain,2025-09,156.83,,CP01121,I15,2025m9,5.055162416146334,0,1,0,30,ES
FI,Finland,2023-04,131.3,,CP01121,I15,2023m4,4.877484781308751,0,0,0,30,FI
FI,Finland,2023-05,130.28,,CP01121,I15,2023m5,4.869685980408033,0,0,0,30,FI
FI,Finland,2023-06,129.96,,CP01121,I15,2023m6,4.8672267108009,0,0,0,30,FI
FI,Finland,2023-07,130.84,,CP01121,I15,2023m7,4.873975202670183,0,0,0,30,FI
FI,Finland,2023-08,129.8,,CP01121,I15,2023m8,4.86599480426999,0,0,0,30,FI
FI,Finland,2023-09,128.36,,CP01121,I15,2023m9,4.854838816241656,0,0,0,30,FI
FI,Finland,2023-10,128.42,,CP01121,I15,2023m10,4.855306142365902,0,0,0,30,FI
FI,Finland,2023-11,126.46,,CP01121,I15,2023m11,4.839926052630467,0,0,0,30,FI
FI,Finland,2023-12,126.6,,CP01121,I15,2023m12,4.841032509710076,0,0,0,30,FI
FI,Finland,2024-01,127.16,,CP01121,I15,2024m1,4.845446136042602,0,0,0,30,FI
FI,Finland,2024-02,126.82,,CP01121,I15,2024m2,4.842768758271886,0,0,0,30,FI
FI,Finland,2024-03,127.46,,CP01121,I15,2024m3,4.847802589886148,0,0,0,30,FI
FI,Finland,2024-04,127.16,,CP01121,I15,2024m4,4.845446136042602,0,0,0,30,FI
FI,Finland,2024-05,126.5,,CP01121,I15,2024m5,4.840242308167575,0,0,0,30,FI
FI,Finland,2024-06,127.6,,CP01121,I15,2024m6,4.848900370910689,0,0,0,30,FI
FI,Finland,2024-07,128.64,,CP01121,I15,2024m7,4.857017805430656,0,1,0,30,FI
FI,Finland,2024-08,127.73,,CP01121,I15,2024m8,4.849918661054685,0,1,0,30,FI
FI,Finland,2024-09,127.55,,CP01121,I15,2024m9,4.848508444587821,0,1,0,30,FI
FI,Finland,2024-10,128.05,,CP01121,I15,2024m10,4.852420812645534,0,1,0,30,FI
FI,Finland,2024-11,126.69,,CP01121,I15,2024m11,4.841743157613962,0,1,0,30,FI
FI,Finland,2024-12,127.66,,CP01121,I15,2024m12,4.849370479827911,0,1,0,30,FI
FI,Finland,2025-01,128.21,,CP01121,I15,2025m1,4.853669544564609,0,1,0,30,FI
FI,Finland,2025-02,128.72,,CP01121,I15,2025m2,4.857639502684128,0,1,0,30,FI
FI,Finland,2025-03,132.32,,CP01121,I15,2025m3,4.885223231275381,0,1,0,30,FI
FI,Finland,2025-04,134.72,,CP01121,I15,2025m4,4.903198550494016,0,1,0,30,FI
FI,Finland,2025-05,138.34,,CP01121,I15,2025m5,4.929714423172439,0,1,0,30,FI
FI,Finland,2025-06,142.19,,CP01121,I15,2025m6,4.957164191408283,0,1,0,30,FI
FI,Finland,2025-07,143.14,,CP01121,I15,2025m7,4.963823172310452,0,1,0,30,FI
FI,Finland,2025-08,144.58,,CP01121,I15,2025m8,4.973832987572151,0,1,0,30,FI
FI,Finland,2025-09,151.59,,CP01121,I15,2025m9,5.021179507971927,0,1,0,30,FI
FR,France,2023-04,127.15,,CP01121,I15,2023m4,4.845367491868129,0,0,0,30,FR
FR,France,2023-05,127.63,,CP01121,I15,2023m5,4.8491354529946,0,0,0,30,FR
FR,France,2023-06,127.89,,CP01121,I15,2023m6,4.851170519445229,0,0,0,30,FR
FR,France,2023-07,127.84,,CP01121,I15,2023m7,4.850779482017964,0,0,0,30,FR
FR,France,2023-08,128.16,,CP01121,I15,2023m8,4.853279483320049,0,0,0,30,FR
FR,France,2023-09,127.74,,CP01121,I15,2023m9,4.849996948133443,0,0,0,30,FR
FR,France,2023-10,127.5,,CP01121,I15,2023m10,4.848116364598481,0,0,0,30,FR
FR,France,2023-11,128.16,,CP01121,I15,2023m11,4.853279483320049,0,0,0,30,FR
FR,France,2023-12,127.96,,CP01121,I15,2023m12,4.851717715081318,0,0,0,30,FR
FR,France,2024-01,127.85,,CP01121,I15,2024m1,4.850857701737196,0,0,0,30,FR
FR,France,2024-02,127.86,,CP01121,I15,2024m2,4.850935915338581,0,0,0,30,FR
FR,France,2024-03,128.35,,CP01121,I15,2024m3,4.854760907317149,0,0,0,30,FR
FR,France,2024-04,128.19,,CP01121,I15,2024m4,4.853513538324044,0,0,0,30,FR
FR,France,2024-05,128.64,,CP01121,I15,2024m5,4.857017805430656,0,0,0,30,FR
FR,France,2024-06,128.79,,CP01121,I15,2024m6,4.858183170904579,0,0,0,30,FR
FR,France,2024-07,128.79,,CP01121,I15,2024m7,4.858183170904579,0,1,0,30,FR
FR,France,2024-08,129.59,,CP01121,I15,2024m8,4.864375620447323,0,1,0,30,FR
FR,France,2024-09,129.08,,CP01121,I15,2024m9,4.860432367183761,0,1,0,30,FR
FR,France,2024-10,128.95,,CP01121,I15,2024m10,4.859424732327354,0,1,0,30,FR
FR,France,2024-11,129.27,,CP01121,I15,2024m11,4.861903240295856,0,1,0,30,FR
FR,France,2024-12,129.86,,CP01121,I15,2024m12,4.866456947080341,0,1,0,30,FR
FR,France,2025-01,130.02,,CP01121,I15,2025m1,4.867688284776323,0,1,0,30,FR
FR,France,2025-02,130.66,,CP01121,I15,2025m2,4.872598529412604,0,1,0,30,FR
FR,France,2025-03,131.19,,CP01121,I15,2025m3,4.876646654092939,0,1,0,30,FR
FR,France,2025-04,131.86,,CP01121,I15,2025m4,4.881740753685154,0,1,0,30,FR
FR,France,2025-05,133.61,,CP01121,I15,2025m5,4.894925108600803,0,1,0,30,FR
FR,France,2025-06,135.15,,CP01121,I15,2025m6,4.906385272722456,0,1,0,30,FR
FR,France,2025-07,136.2,,CP01121,I15,2025m7,4.914124393715412,0,1,0,30,FR
FR,France,2025-08,137.31,,CP01121,I15,2025m8,4.92224114333366,0,1,0,30,FR
FR,France,2025-09,137.92,,CP01121,I15,2025m9,4.926673806915383,0,1,0,30,FR
HR,Croatia,2023-04,122.18,,CP01121,I15,2023m4,4.805495367221621,0,0,0,30,HR
HR,Croatia,2023-05,121.93,,CP01121,I15,2023m5,4.803447109572174,0,0,0,30,HR
HR,Croatia,2023-06,123.47,,CP01121,I15,2023m6,4.815998211579652,0,0,0,30,HR
HR,Croatia,2023-07,125.45,,CP01121,I15,2023m7,4.831907272812431,0,0,0,30,HR
HR,Croatia,2023-08,125.49,,CP01121,I15,2023m8,4.832226074122216,0,0,0,30,HR
HR,Croatia,2023-09,125.05,,CP01121,I15,2023m9,4.828713657323628,0,0,0,30,HR
HR,Croatia,2023-10,125.08,,CP01121,I15,2023m10,4.82895353258964,0,0,0,30,HR
HR,Croatia,2023-11,125.68,,CP01121,I15,2023m11,4.833738993947366,0,0,0,30,HR
HR,Croatia,2023-12,126.93,,CP01121,I15,2023m12,4.843635753400086,0,0,0,30,HR
HR,Croatia,2024-01,126.75,,CP01121,I15,2024m1,4.842216642471293,0,0,0,30,HR
HR,Croatia,2024-02,125.49,,CP01121,I15,2024m2,4.832226074122216,0,0,0,30,HR
HR,Croatia,2024-03,124.65,,CP01121,I15,2024m3,4.825509809969567,0,0,0,30,HR
HR,Croatia,2024-04,126.73,,CP01121,I15,2024m4,4.842058839093973,0,0,0,30,HR
HR,Croatia,2024-05,127.3,,CP01121,I15,2024m5,4.846546505563361,0,0,0,30,HR
HR,Croatia,2024-06,130.58,,CP01121,I15,2024m6,4.871986065758487,0,0,0,30,HR
HR,Croatia,2024-07,129.99,,CP01121,I15,2024m7,4.867457524419928,0,1,0,30,HR
HR,Croatia,2024-08,128.64,,CP01121,I15,2024m8,4.857017805430656,0,1,0,30,HR
HR,Croatia,2024-09,128.13,,CP01121,I15,2024m9,4.853045373521485,0,1,0,30,HR
HR,Croatia,2024-10,130.24,,CP01121,I15,2024m10,4.869378902254231,0,1,0,30,HR
HR,Croatia,2024-11,131.59,,CP01121,I15,2024m11,4.879691028162049,0,1,0,30,HR
HR,Croatia,2024-12,137.02,,CP01121,I15,2024m12,4.920126900574753,0,1,0,30,HR
HR,Croatia,2025-01,139.18,,CP01121,I15,2025m1,4.935768059416704,0,1,0,30,HR
HR,Croatia,2025-02,143.85,,CP01121,I15,2025m2,4.968771089997557,0,1,0,30,HR
HR,Croatia,2025-03,147.76,,CP01121,I15,2025m3,4.995589335890984,0,1,0,30,HR
HR,Croatia,2025-04,154.14,,CP01121,I15,2025m4,5.037861280349847,0,1,0,30,HR
HR,Croatia,2025-05,157.13,,CP01121,I15,2025m5,5.057073488202041,0,1,0,30,HR
HR,Croatia,2025-06,159.03,,CP01121,I15,2025m6,5.069092863667825,0,1,0,30,HR
HR,Croatia,2025-07,159.06,,CP01121,I15,2025m7,5.069281489528989,0,1,0,30,HR
HR,Croatia,2025-08,161.37,,CP01121,I15,2025m8,5.083699864953261,0,1,0,30,HR
HR,Croatia,2025-09,163.93,,CP01121,I15,2025m9,5.099439507438365,0,1,0,30,HR
HU,Hungary,2023-04,192.95,,CP01121,I15,2023m4,5.262431087983628,0,0,0,30,HU
HU,Hungary,2023-05,194.14,,CP01121,I15,2023m5,5.26857954828408,0,0,0,30,HU
HU,Hungary,2023-06,194.52,,CP01121,I15,2023m6,5.270534985535585,0,0,0,30,HU
HU,Hungary,2023-07,194.3,,CP01121,I15,2023m7,5.269403356383394,0,0,0,30,HU
HU,Hungary,2023-08,195.4,,CP01121,I15,2023m8,5.275048739608683,0,0,0,30,HU
HU,Hungary,2023-09,195.49,,CP01121,I15,2023m9,5.275509227222028,0,0,0,30,HU
HU,Hungary,2023-10,195.47,,CP01121,I15,2023m10,5.275406914964931,0,0,0,30,HU
HU,Hungary,2023-11,194.31,,CP01121,I15,2023m11,5.269454821862936,0,0,0,30,HU
HU,Hungary,2023-12,193.72,,CP01121,I15,2023m12,5.266413817535028,0,0,0,30,HU
HU,Hungary,2024-01,194.19,,CP01121,I15,2024m1,5.268837061225528,0,0,0,30,HU
HU,Hungary,2024-02,196,,CP01121,I15,2024m2,5.278114659230517,0,0,0,30,HU
HU,Hungary,2024-03,196.83,,CP01121,I15,2024m3,5.282340412024896,0,0,0,30,HU
HU,Hungary,2024-04,198.11,,CP01121,I15,2024m4,5.288822431986235,0,0,0,30,HU
HU,Hungary,2024-05,198.02,,CP01121,I15,2024m5,5.288368035694369,0,0,0,30,HU
HU,Hungary,2024-06,198.31,,CP01121,I15,2024m6,5.289831462897738,0,0,0,30,HU
HU,Hungary,2024-07,199.02,,CP01121,I15,2024m7,5.293405322187017,0,1,0,30,HU
HU,Hungary,2024-08,199.26,,CP01121,I15,2024m8,5.29461050461671,0,1,0,30,HU
HU,Hungary,2024-09,199.43,,CP01121,I15,2024m9,5.295463297565131,0,1,0,30,HU
HU,Hungary,2024-10,198.87,,CP01121,I15,2024m10,5.29265134492141,0,1,0,30,HU
HU,Hungary,2024-11,201.11,,CP01121,I15,2024m11,5.303852022046511,0,1,0,30,HU
HU,Hungary,2024-12,201.45,,CP01121,I15,2024m12,5.305541211637356,0,1,0,30,HU
HU,Hungary,2025-01,204.07,,CP01121,I15,2025m1,5.318463072240994,0,1,0,30,HU
HU,Hungary,2025-02,208.99,,CP01121,I15,2025m2,5.34228640393016,0,1,0,30,HU
HU,Hungary,2025-03,210.7,,CP01121,I15,2025m3,5.350435320810143,0,1,0,30,HU
HU,Hungary,2025-04,209.79,,CP01121,I15,2025m4,5.346107030383885,0,1,0,30,HU
HU,Hungary,2025-05,211.59,,CP01121,I15,2025m5,5.354650439888197,0,1,0,30,HU
HU,Hungary,2025-06,216.57,,CP01121,I15,2025m6,5.377913820819179,0,1,0,30,HU
HU,Hungary,2025-07,219.57,,CP01121,I15,2025m7,5.391671088281245,0,1,0,30,HU
HU,Hungary,2025-08,222.53,,CP01121,I15,2025m8,5.405061923978025,0,1,0,30,HU
HU,Hungary,2025-09,227.86,,CP01121,I15,2025m9,5.42873140526997,0,1,0,30,HU
IE,Ireland,2023-04,99.2,,CP01121,I15,2023m4,4.597138014290827,0,0,0,30,IE
IE,Ireland,2023-05,99.09999999999999,,CP01121,I15,2023m5,4.596129441335942,0,0,0,30,IE
IE,Ireland,2023-06,98.40000000000001,,CP01121,I15,2023m6,4.589040804058207,0,0,0,30,IE
IE,Ireland,2023-07,99.8,,CP01121,I15,2023m7,4.603168183317418,0,0,0,30,IE
IE,Ireland,2023-08,98.5,,CP01121,I15,2023m8,4.590056548178043,0,0,0,30,IE
IE,Ireland,2023-09,99.59999999999999,,CP01121,I15,2023m9,4.601162164590552,0,0,0,30,IE
IE,Ireland,2023-10,99.90000000000001,,CP01121,I15,2023m10,4.604169685654508,0,0,0,30,IE
IE,Ireland,2023-11,100.1,,CP01121,I15,2023m11,4.606169686321175,0,0,0,30,IE
IE,Ireland,2023-12,100.9,,CP01121,I15,2023m12,4.614129927359564,0,0,0,30,IE
IE,Ireland,2024-01,99.8,,CP01121,I15,2024m1,4.603168183317418,0,0,0,30,IE
IE,Ireland,2024-02,101.5,,CP01121,I15,2024m2,4.620058798481842,0,0,0,30,IE
IE,Ireland,2024-03,100.6,,CP01121,I15,2024m3,4.611152257665639,0,0,0,30,IE
IE,Ireland,2024-04,101.6,,CP01121,I15,2024m4,4.621043535144381,0,0,0,30,IE
IE,Ireland,2024-05,102,,CP01121,I15,2024m5,4.624972813284271,0,0,0,30,IE
IE,Ireland,2024-06,102.6,,CP01121,I15,2024m6,4.630837932736669,0,0,0,30,IE
IE,Ireland,2024-07,102.3,,CP01121,I15,2024m7,4.627909672957581,0,1,0,30,IE
IE,Ireland,2024-08,103,,CP01121,I15,2024m8,4.634728988229636,0,1,0,30,IE
IE,Ireland,2024-09,103.4,,CP01121,I15,2024m9,4.638604962074329,0,1,0,30,IE
IE,Ireland,2024-10,103.4,,CP01121,I15,2024m10,4.638604962074329,0,1,0,30,IE
IE,Ireland,2024-11,103.2,,CP01121,I15,2024m11,4.636668853047462,0,1,0,30,IE
IE,Ireland,2024-12,104.6,,CP01121,I15,2024m12,4.650143551630823,0,1,0,30,IE
IE,Ireland,2025-01,104.8,,CP01121,I15,2025m1,4.652053771886941,0,1,0,30,IE
IE,Ireland,2025-02,103.7,,CP01121,I15,2025m2,4.641502115235482,0,1,0,30,IE
IE,Ireland,2025-03,109,,CP01121,I15,2025m3,4.691347882229143,0,1,0,30,IE
IE,Ireland,2025-04,114.7,,CP01121,I15,2025m4,4.742320024135325,0,1,0,30,IE
IE,Ireland,2025-05,122.3,,CP01121,I15,2025m5,4.806477042693126,0,1,0,30,IE
IE,Ireland,2025-06,125.1,,CP01121,I15,2025m6,4.829113417472866,0,1,0,30,IE
IE,Ireland,2025-07,125.8,,CP01121,I15,2025m7,4.83469334426634,0,1,0,30,IE
IE,Ireland,2025-08,126.5,,CP01121,I15,2025m8,4.840242308167575,0,1,0,30,IE
IE,Ireland,2025-09,127.8,,CP01121,I15,2025m9,4.850466541943434,0,1,0,30,IE
IT,Italy,2023-04,118.3,,CP01121,I15,2023m4,4.773223770984341,0,0,0,30,IT
IT,Italy,2023-05,118.9,,CP01121,I15,2023m5,4.778282803696737,0,0,0,30,IT
IT,Italy,2023-06,119.1,,CP01121,I15,2023m6,4.779963476361254,0,0,0,30,IT
IT,Italy,2023-07,119.1,,CP01121,I15,2023m7,4.779963476361254,0,0,0,30,IT
IT,Italy,2023-08,119.6,,CP01121,I15,2023m8,4.784152841516532,0,0,0,30,IT
IT,Italy,2023-09,119.8,,CP01121,I15,2023m9,4.785823685681349,0,0,0,30,IT
IT,Italy,2023-10,120.1,,CP01121,I15,2023m10,4.788324729085938,0,0,0,30,IT
IT,Italy,2023-11,120.4,,CP01121,I15,2023m11,4.79081953287472,0,0,0,30,IT
IT,Italy,2023-12,120.6,,CP01121,I15,2023m12,4.792479284293085,0,0,0,30,IT
IT,Italy,2024-01,121,,CP01121,I15,2024m1,4.795790545596741,0,0,0,30,IT
IT,Italy,2024-02,121.3,,CP01121,I15,2024m2,4.798266815950004,0,0,0,30,IT
IT,Italy,2024-03,121.5,,CP01121,I15,2024m3,4.799914262780603,0,0,0,30,IT
IT,Italy,2024-04,121.6,,CP01121,I15,2024m4,4.800736969532067,0,0,0,30,IT
IT,Italy,2024-05,121.7,,CP01121,I15,2024m5,4.801558999993482,0,0,0,30,IT
IT,Italy,2024-06,121.9,,CP01121,I15,2024m6,4.803201036487226,0,0,0,30,IT
IT,Italy,2024-07,122,,CP01121,I15,2024m7,4.804021044733257,0,1,0,30,IT
IT,Italy,2024-08,122.2,,CP01121,I15,2024m8,4.805659046737495,0,1,0,30,IT
IT,Italy,2024-09,122.6,,CP01121,I15,2024m9,4.808927023502111,0,1,0,30,IT
IT,Italy,2024-10,123,,CP01121,I15,2024m10,4.812184355372417,0,1,0,30,IT
IT,Italy,2024-11,123.5,,CP01121,I15,2024m11,4.816241156068032,0,1,0,30,IT
IT,Italy,2024-12,124.2,,CP01121,I15,2024m12,4.821893169499378,0,1,0,30,IT
IT,Italy,2025-01,124.7,,CP01121,I15,2025m1,4.825910852685991,0,1,0,30,IT
IT,Italy,2025-02,125.3,,CP01121,I15,2025m2,4.830710861902022,0,1,0,30,IT
IT,Italy,2025-03,126.6,,CP01121,I15,2025m3,4.841032509710076,0,1,0,30,IT
IT,Italy,2025-04,127.8,,CP01121,I15,2025m4,4.850466541943434,0,1,0,30,IT
IT,Italy,2025-05,128.3,,CP01121,I15,2025m5,4.854371271621591,0,1,0,30,IT
IT,Italy,2025-06,129.1,,CP01121,I15,2025m6,4.860587297852597,0,1,0,30,IT
IT,Italy,2025-07,130,,CP01121,I15,2025m7,4.867534450455582,0,1,0,30,IT
IT,Italy,2025-08,131.1,,CP01121,I15,2025m8,4.875960390769654,0,1,0,30,IT
IT,Italy,2025-09,131.8,,CP01121,I15,2025m9,4.881285622068407,0,1,0,30,IT
LT,Lithuania,2023-04,159.34,,CP01121,I15,2023m4,5.07104028395222,0,0,0,30,LT
LT,Lithuania,2023-05,158.76,,CP01121,I15,2023m5,5.067393627914864,0,0,0,30,LT
LT,Lithuania,2023-06,161.34,,CP01121,I15,2023m6,5.083513939508828,0,0,0,30,LT
LT,Lithuania,2023-07,161.73,,CP01121,I15,2023m7,5.085928278131687,0,0,0,30,LT
LT,Lithuania,2023-08,163.06,,CP01121,I15,2023m8,5.094118231234765,0,0,0,30,LT
LT,Lithuania,2023-09,163.17,,CP01121,I15,2023m9,5.094792602102979,0,0,0,30,LT
LT,Lithuania,2023-10,164.44,,CP01121,I15,2023m10,5.102545762029678,0,0,0,30,LT
LT,Lithuania,2023-11,165.96,,CP01121,I15,2023m11,5.111746795464668,0,0,0,30,LT
LT,Lithuania,2023-12,165.96,,CP01121,I15,2023m12,5.111746795464668,0,0,0,30,LT
LT,Lithuania,2024-01,164.98,,CP01121,I15,2024m1,5.105824254432585,0,0,0,30,LT
LT,Lithuania,2024-02,165.58,,CP01121,I15,2024m2,5.10945446171066,0,0,0,30,LT
LT,Lithuania,2024-03,162.48,,CP01121,I15,2024m3,5.090554917272129,0,0,0,30,LT
LT,Lithuania,2024-04,164.16,,CP01121,I15,2024m4,5.100841561982405,0,0,0,30,LT
LT,Lithuania,2024-05,167.58,,CP01121,I15,2024m5,5.121460849185141,0,0,0,30,LT
LT,Lithuania,2024-06,166.83,,CP01121,I15,2024m6,5.116975329867582,0,0,0,30,LT
LT,Lithuania,2024-07,166.35,,CP01121,I15,2024m7,5.114094002464486,0,1,0,30,LT
LT,Lithuania,2024-08,167.83,,CP01121,I15,2024m8,5.122951562320088,0,1,0,30,LT
LT,Lithuania,2024-09,165.53,,CP01121,I15,2024m9,5.109152447272074,0,1,0,30,LT
LT,Lithuania,2024-10,167.95,,CP01121,I15,2024m10,5.123666316058301,0,1,0,30,LT
LT,Lithuania,2024-11,169.51,,CP01121,I15,2024m11,5.132911922130395,0,1,0,30,LT
LT,Lithuania,2024-12,170.98,,CP01121,I15,2024m12,5.141546590598088,0,1,0,30,LT
LT,Lithuania,2025-01,171.62,,CP01121,I15,2025m1,5.145282730378975,0,1,0,30,LT
LT,Lithuania,2025-02,172.69,,CP01121,I15,2025m2,5.151498079596578,0,1,0,30,LT
LT,Lithuania,2025-03,177.79,,CP01121,I15,2025m3,5.18060307852848,0,1,0,30,LT
LT,Lithuania,2025-04,181.46,,CP01121,I15,2025m4,5.201035243741483,0,1,0,30,LT
LT,Lithuania,2025-05,184.11,,CP01121,I15,2025m5,5.215533405069116,0,1,0,30,LT
LT,Lithuania,2025-06,192.75,,CP01121,I15,2025m6,5.261394012443439,0,1,0,30,LT
LT,Lithuania,2025-07,200.75,,CP01121,I15,2025m7,5.302060352826871,0,1,0,30,LT
LT,Lithuania,2025-08,206.82,,CP01121,I15,2025m8,5.331848849756829,0,1,0,30,LT
LT,Lithuania,2025-09,207.68,,CP01121,I15,2025m9,5.335998433515726,0,1,0,30,LT
LU,Luxembourg,2023-04,138.71,,CP01121,I15,2023m4,4.932385422775199,0,0,0,30,LU
LU,Luxembourg,2023-05,139.02,,CP01121,I15,2023m5,4.93461780767234,0,0,0,30,LU
LU,Luxembourg,2023-06,139.34,,CP01121,I15,2023m6,4.936916989601973,0,0,0,30,LU
LU,Luxembourg,2023-07,139.96,,CP01121,I15,2023m7,4.941356667499488,0,0,0,30,LU
LU,Luxembourg,2023-08,140.1,,CP01121,I15,2023m8,4.942356453342962,0,0,0,30,LU
LU,Luxembourg,2023-09,139.01,,CP01121,I15,2023m9,4.934545872989001,0,0,0,30,LU
LU,Luxembourg,2023-10,140.54,,CP01121,I15,2023m10,4.945492145764051,0,0,0,30,LU
LU,Luxembourg,2023-11,140.7,,CP01121,I15,2023m11,4.946629964120343,0,0,0,30,LU
LU,Luxembourg,2023-12,139.49,,CP01121,I15,2023m12,4.937992914104144,0,0,0,30,LU
LU,Luxembourg,2024-01,141.63,,CP01121,I15,2024m1,4.953218023226305,0,0,0,30,LU
LU,Luxembourg,2024-02,140.76,,CP01121,I15,2024m2,4.947056312453384,0,0,0,30,LU
LU,Luxembourg,2024-03,141.77,,CP01121,I15,2024m3,4.95420602612954,0,0,0,30,LU
LU,Luxembourg,2024-04,141.04,,CP01121,I15,2024m4,4.949043538089615,0,0,0,30,LU
LU,Luxembourg,2024-05,140.22,,CP01121,I15,2024m5,4.943212617778822,0,0,0,30,LU
LU,Luxembourg,2024-06,140.85,,CP01121,I15,2024m6,4.947695494322382,0,0,0,30,LU
LU,Luxembourg,2024-07,141.37,,CP01121,I15,2024m7,4.951380566878941,0,1,0,30,LU
LU,Luxembourg,2024-08,141.58,,CP01121,I15,2024m8,4.952864928346044,0,1,0,30,LU
LU,Luxembourg,2024-09,140.95,,CP01121,I15,2024m9,4.948405217560121,0,1,0,30,LU
LU,Luxembourg,2024-10,142.49,,CP01121,I15,2024m10,4.959271821807698,0,1,0,30,LU
LU,Luxembourg,2024-11,141.88,,CP01121,I15,2024m11,4.954981629905421,0,1,0,30,LU
LU,Luxembourg,2024-12,143.08,,CP01121,I15,2024m12,4.963403914390817,0,1,0,30,LU
LU,Luxembourg,2025-01,145.95,,CP01121,I15,2025m1,4.983264097300124,0,1,0,30,LU
LU,Luxembourg,2025-02,147.12,,CP01121,I15,2025m2,4.991248580296066,0,1,0,30,LU
LU,Luxembourg,2025-03,148.53,,CP01121,I15,2025m3,5.000786958041441,0,1,0,30,LU
LU,Luxembourg,2025-04,149.26,,CP01121,I15,2025m4,5.005689751703241,0,1,0,30,LU
LU,Luxembourg,2025-05,151.36,,CP01121,I15,2025m5,5.019661105303568,0,1,0,30,LU
LU,Luxembourg,2025-06,153.03,,CP01121,I15,2025m6,5.030633980602945,0,1,0,30,LU
LU,Luxembourg,2025-07,153.94,,CP01121,I15,2025m7,5.036562916106171,0,1,0,30,LU
LU,Luxembourg,2025-08,157.4,,CP01121,I15,2025m8,5.058790335983303,0,1,0,30,LU
LU,Luxembourg,2025-09,157.79,,CP01121,I15,2025m9,5.061265035047578,0,1,0,30,LU
LV,Latvia,2023-04,162.6,,CP01121,I15,2023m4,5.091293197113711,0,0,0,30,LV
LV,Latvia,2023-05,164.35,,CP01121,I15,2023m5,5.101998300110228,0,0,0,30,LV
LV,Latvia,2023-06,160.47,,CP01121,I15,2023m6,5.078107009211268,0,0,0,30,LV
LV,Latvia,2023-07,162.34,,CP01121,I15,2023m7,5.08969290133303,0,0,0,30,LV
LV,Latvia,2023-08,160.8,,CP01121,I15,2023m8,5.080161356744866,0,0,0,30,LV
LV,Latvia,2023-09,160.95,,CP01121,I15,2023m9,5.081093757744817,0,0,0,30,LV
LV,Latvia,2023-10,161.9,,CP01121,I15,2023m10,5.08697886068359,0,0,0,30,LV
LV,Latvia,2023-11,162.31,,CP01121,I15,2023m11,5.089508086916979,0,0,0,30,LV
LV,Latvia,2023-12,161.79,,CP01121,I15,2023m12,5.086299198017246,0,0,0,30,LV
LV,Latvia,2024-01,159.64,,CP01121,I15,2024m1,5.072921280180533,0,0,0,30,LV
LV,Latvia,2024-02,160.66,,CP01121,I15,2024m2,5.079290330745667,0,0,0,30,LV
LV,Latvia,2024-03,161.92,,CP01121,I15,2024m3,5.087102386099101,0,0,0,30,LV
LV,Latvia,2024-04,161.32,,CP01121,I15,2024m4,5.083389970005167,0,0,0,30,LV
LV,Latvia,2024-05,161.69,,CP01121,I15,2024m5,5.085680921751723,0,0,0,30,LV
LV,Latvia,2024-06,162.3,,CP01121,I15,2024m6,5.089446474520545,0,0,0,30,LV
LV,Latvia,2024-07,155.52,,CP01121,I15,2024m7,5.046774340712129,0,1,0,30,LV
LV,Latvia,2024-08,157.96,,CP01121,I15,2024m8,5.062341836418449,0,1,0,30,LV
LV,Latvia,2024-09,162.05,,CP01121,I15,2024m9,5.087904929587556,0,1,0,30,LV
LV,Latvia,2024-10,160.46,,CP01121,I15,2024m10,5.07804469032551,0,1,0,30,LV
LV,Latvia,2024-11,162.33,,CP01121,I15,2024m11,5.089631300322754,0,1,0,30,LV
LV,Latvia,2024-12,165.39,,CP01121,I15,2024m12,5.108306321269702,0,1,0,30,LV
LV,Latvia,2025-01,168.33,,CP01121,I15,2025m1,5.125926338430991,0,1,0,30,LV
LV,Latvia,2025-02,172.64,,CP01121,I15,2025m2,5.151208501509824,0,1,0,30,LV
LV,Latvia,2025-03,184.85,,CP01121,I15,2025m3,5.219544685382641,0,1,0,30,LV
LV,Latvia,2025-04,186.27,,CP01121,I15,2025m4,5.227197234044911,0,1,0,30,LV
LV,Latvia,2025-05,194.29,,CP01121,I15,2025m5,5.269351888255022,0,1,0,30,LV
LV,Latvia,2025-06,197.99,,CP01121,I15,2025m6,5.288216524368607,0,1,0,30,LV
LV,Latvia,2025-07,200.53,,CP01121,I15,2025m7,5.300963861488942,0,1,0,30,LV
LV,Latvia,2025-08,203.49,,CP01121,I15,2025m8,5.315616863626098,0,1,0,30,LV
LV,Latvia,2025-09,206.6,,CP01121,I15,2025m9,5.330784556685538,0,1,0,30,LV
MT,Malta,2023-04,137.03,,CP01121,I15,2023m4,4.920199879958109,0,0,0,30,MT
MT,Malta,2023-05,137.59,,CP01121,I15,2023m5,4.924278248439725,0,0,0,30,MT
MT,Malta,2023-06,138.36,,CP01121,I15,2023m6,4.929858984068968,0,0,0,30,MT
MT,Malta,2023-07,140.42,,CP01121,I15,2023m7,4.944637931589103,0,0,0,30,MT
MT,Malta,2023-08,140.12,,CP01121,I15,2023m8,4.942499198329286,0,0,0,30,MT
MT,Malta,2023-09,140.26,,CP01121,I15,2023m9,4.943497843108764,0,0,0,30,MT
MT,Malta,2023-10,140.3,,CP01121,I15,2023m10,4.943782987108415,0,0,0,30,MT
MT,Malta,2023-11,140.88,,CP01121,I15,2023m11,4.94790846418795,0,0,0,30,MT
MT,Malta,2023-12,141.26,,CP01121,I15,2023m12,4.950602163980776,0,0,0,30,MT
MT,Malta,2024-01,141.93,,CP01121,I15,2024m1,4.955333978311167,0,0,0,30,MT
MT,Malta,2024-02,142.14,,CP01121,I15,2024m2,4.956812487398749,0,0,0,30,MT
MT,Malta,2024-03,142.23,,CP01121,I15,2024m3,4.957445465582136,0,0,0,30,MT
MT,Malta,2024-04,142.19,,CP01121,I15,2024m4,4.957164191408283,0,0,0,30,MT
MT,Malta,2024-05,142,,CP01121,I15,2024m5,4.955827057601261,0,0,0,30,MT
MT,Malta,2024-06,141.98,,CP01121,I15,2024m6,4.95568620261124,0,0,0,30,MT
MT,Malta,2024-07,142.08,,CP01121,I15,2024m7,4.95639027924386,0,1,0,30,MT
MT,Malta,2024-08,142.08,,CP01121,I15,2024m8,4.95639027924386,0,1,0,30,MT
MT,Malta,2024-09,141.99,,CP01121,I15,2024m9,4.955756632586266,0,1,0,30,MT
MT,Malta,2024-10,142.16,,CP01121,I15,2024m10,4.956953183846396,0,1,0,30,MT
MT,Malta,2024-11,143.39,,CP01121,I15,2024m11,4.965568190726947,0,1,0,30,MT
MT,Malta,2024-12,146.84,,CP01121,I15,2024m12,4.989343558628634,0,1,0,30,MT
MT,Malta,2025-01,148.17,,CP01121,I15,2025m1,4.998360263220643,0,1,0,30,MT
MT,Malta,2025-02,148.84,,CP01121,I15,2025m2,5.002871903478422,0,1,0,30,MT
MT,Malta,2025-03,155.19,,CP01121,I15,2025m3,5.044650172683533,0,1,0,30,MT
MT,Malta,2025-04,157.06,,CP01121,I15,2025m4,5.056627897946728,0,1,0,30,MT
MT,Malta,2025-05,163.59,,CP01121,I15,2025m5,5.09736329760608,0,1,0,30,MT
MT,Malta,2025-06,167.4,,CP01121,I15,2025m6,5.120386158055375,0,1,0,30,MT
MT,Malta,2025-07,169.17,,CP01121,I15,2025m7,5.1309041264872,0,1,0,30,MT
MT,Malta,2025-08,170.63,,CP01121,I15,2025m8,5.139497469539173,0,1,0,30,MT
MT,Malta,2025-09,171.7,,CP01121,I15,2025m9,5.14574876790343,0,1,0,30,MT
NL,Netherlands,2023-04,141.98,,CP01121,I15,2023m4,4.95568620261124,0,0,0,30,NL
NL,Netherlands,2023-05,142.69,,CP01121,I15,2023m5,4.960674444942484,0,0,0,30,NL
NL,Netherlands,2023-06,143.16,,CP01121,I15,2023m6,4.963962885897825,0,0,0,30,NL
NL,Netherlands,2023-07,147.05,,CP01121,I15,2023m7,4.990772665000004,0,0,0,30,NL
NL,Netherlands,2023-08,142.73,,CP01121,I15,2023m8,4.960954733641677,0,0,0,30,NL
NL,Netherlands,2023-09,139.94,,CP01121,I15,2023m9,4.94121375931775,0,0,0,30,NL
NL,Netherlands,2023-10,140.57,,CP01121,I15,2023m10,4.945705585343674,0,0,0,30,NL
NL,Netherlands,2023-11,139.14,,CP01121,I15,2023m11,4.935480620495495,0,0,0,30,NL
NL,Netherlands,2023-12,139.37,,CP01121,I15,2023m12,4.937132267131418,0,0,0,30,NL
NL,Netherlands,2024-01,137.47,,CP01121,I15,2024m1,4.923405711483329,0,0,0,30,NL
NL,Netherlands,2024-02,140.3,,CP01121,I15,2024m2,4.943782987108415,0,0,0,30,NL
NL,Netherlands,2024-03,142.63,,CP01121,I15,2024m3,4.960253864535331,0,0,0,30,NL
NL,Netherlands,2024-04,143.24,,CP01121,I15,2024m4,4.964521545130232,0,0,0,30,NL
NL,Netherlands,2024-05,143.02,,CP01121,I15,2024m5,4.96298448062025,0,0,0,30,NL
NL,Netherlands,2024-06,142.06,,CP01121,I15,2024m6,4.956249503569664,0,0,0,30,NL
NL,Netherlands,2024-07,141.1,,CP01121,I15,2024m7,4.949468858858769,0,1,0,30,NL
NL,Netherlands,2024-08,141.4,,CP01121,I15,2024m8,4.951592753462473,0,1,0,30,NL
NL,Netherlands,2024-09,140.79,,CP01121,I15,2024m9,4.947269418474436,0,1,0,30,NL
NL,Netherlands,2024-10,140.86,,CP01121,I15,2024m10,4.947766489317265,0,1,0,30,NL
NL,Netherlands,2024-11,147.1,,CP01121,I15,2024m11,4.991112627607392,0,1,0,30,NL
NL,Netherlands,2024-12,146.43,,CP01121,I15,2024m12,4.986547498567166,0,1,0,30,NL
NL,Netherlands,2025-01,152.16,,CP01121,I15,2025m1,5.02493259879708,0,1,0,30,NL
NL,Netherlands,2025-02,154.14,,CP01121,I15,2025m2,5.037861280349847,0,1,0,30,NL
NL,Netherlands,2025-03,157.17,,CP01121,I15,2025m3,5.057328022088238,0,1,0,30,NL
NL,Netherlands,2025-04,163.07,,CP01121,I15,2025m4,5.094179556473186,0,1,0,30,NL
NL,Netherlands,2025-05,173.91,,CP01121,I15,2025m5,5.158537924019751,0,1,0,30,NL
NL,Netherlands,2025-06,179.18,,CP01121,I15,2025m6,5.188390887169432,0,1,0,30,NL
NL,Netherlands,2025-07,184.85,,CP01121,I15,2025m7,5.219544685382641,0,1,0,30,NL
NL,Netherlands,2025-08,183.54,,CP01121,I15,2025m8,5.212432627390867,0,1,0,30,NL
NL,Netherlands,2025-09,187.94,,CP01121,I15,2025m9,5.236122762954919,0,1,0,30,NL
PL,Poland,2023-04,157.5,,CP01121,I15,2023m4,5.059425458265688,0,0,0,30,PL
PL,Poland,2023-05,158.4,,CP01121,I15,2023m5,5.065123479380325,0,0,0,30,PL
PL,Poland,2023-06,157.7,,CP01121,I15,2023m6,5.060694493968993,0,0,0,30,PL
PL,Poland,2023-07,157.6,,CP01121,I15,2023m7,5.060060177423779,0,0,0,30,PL
PL,Poland,2023-08,157.2,,CP01121,I15,2023m8,5.057518879995106,0,0,0,30,PL
PL,Poland,2023-09,156.5,,CP01121,I15,2023m9,5.053056009980208,0,0,0,30,PL
PL,Poland,2023-10,156.8,,CP01121,I15,2023m10,5.054971107916307,0,0,0,30,PL
PL,Poland,2023-11,158.3,,CP01121,I15,2023m11,5.064491966886966,0,0,0,30,PL
PL,Poland,2023-12,158.3,,CP01121,I15,2023m12,5.064491966886966,0,0,0,30,PL
PL,Poland,2024-01,159.4,,CP01121,I15,2024m1,5.071416766356115,0,0,0,30,PL
PL,Poland,2024-02,157.8,,CP01121,I15,2024m2,5.061328408411774,0,0,0,30,PL
PL,Poland,2024-03,158.2,,CP01121,I15,2024m3,5.063860055333554,0,0,0,30,PL
PL,Poland,2024-04,161,,CP01121,I15,2024m4,5.081404364984463,0,0,0,30,PL
PL,Poland,2024-05,161.8,,CP01121,I15,2024m5,5.086361004624392,0,0,0,30,PL
PL,Poland,2024-06,162.4,,CP01121,I15,2024m6,5.090062427727577,0,0,0,30,PL
PL,Poland,2024-07,163.3,,CP01121,I15,2024m7,5.095588999976419,0,1,0,30,PL
PL,Poland,2024-08,164.2,,CP01121,I15,2024m8,5.101085197018328,0,1,0,30,PL
PL,Poland,2024-09,164.3,,CP01121,I15,2024m9,5.101694025043223,0,1,0,30,PL
PL,Poland,2024-10,165.4,,CP01121,I15,2024m10,5.108366782589591,0,1,0,30,PL
PL,Poland,2024-11,164.4,,CP01121,I15,2024m11,5.10230248262208,0,1,0,30,PL
PL,Poland,2024-12,168.4,,CP01121,I15,2024m12,5.126342101808226,0,1,0,30,PL
PL,Poland,2025-01,170,,CP01121,I15,2025m1,5.135798437050262,0,1,0,30,PL
PL,Poland,2025-02,171.7,,CP01121,I15,2025m2,5.14574876790343,0,1,0,30,PL
PL,Poland,2025-03,173.7,,CP01121,I15,2025m3,5.157329673247059,0,1,0,30,PL
PL,Poland,2025-04,179.9,,CP01121,I15,2025m4,5.192401140956488,0,1,0,30,PL
PL,Poland,2025-05,181.7,,CP01121,I15,2025m5,5.202356975402125,0,1,0,30,PL
PL,Poland,2025-06,186.5,,CP01121,I15,2025m6,5.228431239083871,0,1,0,30,PL
PL,Poland,2025-07,188,,CP01121,I15,2025m7,5.236441962829949,0,1,0,30,PL
PL,Poland,2025-08,190.7,,CP01121,I15,2025m8,5.250701512606374,0,1,0,30,PL
PL,Poland,2025-09,193.8,,CP01121,I15,2025m9,5.266826699456666,0,1,0,30,PL
PT,Portugal,2023-04,134.22,,CP01121,I15,2023m4,4.899480244730094,0,0,0,30,PT
PT,Portugal,2023-05,129.94,,CP01121,I15,2023m5,4.867072805452385,0,0,0,30,PT
PT,Portugal,2023-06,129.99,,CP01121,I15,2023m6,4.867457524419928,0,0,0,30,PT
PT,Portugal,2023-07,130.04,,CP01121,I15,2023m7,4.867842095435704,0,0,0,30,PT
PT,Portugal,2023-08,130.93,,CP01121,I15,2023m8,4.874662829239662,0,0,0,30,PT
PT,Portugal,2023-09,130.54,,CP01121,I15,2023m9,4.871679693207072,0,0,0,30,PT
PT,Portugal,2023-10,131.49,,CP01121,I15,2023m10,4.878930803098828,0,0,0,30,PT
PT,Portugal,2023-11,131.39,,CP01121,I15,2023m11,4.87816999965373,0,0,0,30,PT
PT,Portugal,2023-12,128.04,,CP01121,I15,2023m12,4.852342715101662,0,0,0,30,PT
PT,Portugal,2024-01,134.96,,CP01121,I15,2024m1,4.904978438237713,0,0,0,30,PT
PT,Portugal,2024-02,134.98,,CP01121,I15,2024m2,4.905126619315261,0,0,0,30,PT
PT,Portugal,2024-03,135.44,,CP01121,I15,2024m3,4.90852873782488,0,0,0,30,PT
PT,Portugal,2024-04,136.11,,CP01121,I15,2024m4,4.913463382343982,0,0,0,30,PT
PT,Portugal,2024-05,136.68,,CP01121,I15,2024m5,4.917642427247091,0,0,0,30,PT
PT,Portugal,2024-06,136.54,,CP01121,I15,2024m6,4.916617611990135,0,0,0,30,PT
PT,Portugal,2024-07,136.87,,CP01121,I15,2024m7,4.919031570223175,0,1,0,30,PT
PT,Portugal,2024-08,136.79,,CP01121,I15,2024m8,4.918446903101353,0,1,0,30,PT
PT,Portugal,2024-09,137.37,,CP01121,I15,2024m9,4.922678015337114,0,1,0,30,PT
PT,Portugal,2024-10,141.02,,CP01121,I15,2024m10,4.948901724290895,0,1,0,30,PT
PT,Portugal,2024-11,143.52,,CP01121,I15,2024m11,4.966474398310486,0,1,0,30,PT
PT,Portugal,2024-12,147.37,,CP01121,I15,2024m12,4.992946431225172,0,1,0,30,PT
PT,Portugal,2025-01,149.91,,CP01121,I15,2025m1,5.010035114024223,0,1,0,30,PT
PT,Portugal,2025-02,153.89,,CP01121,I15,2025m2,5.03623806147576,0,1,0,30,PT
PT,Portugal,2025-03,157.59,,CP01121,I15,2025m3,5.05999672363398,0,1,0,30,PT
PT,Portugal,2025-04,159.27,,CP01121,I15,2025m4,5.07060087526369,0,1,0,30,PT
PT,Portugal,2025-05,160.2,,CP01121,I15,2025m5,5.076423034634259,0,1,0,30,PT
PT,Portugal,2025-06,161.47,,CP01121,I15,2025m6,5.08431936689353,0,1,0,30,PT
PT,Portugal,2025-07,163.84,,CP01121,I15,2025m7,5.098890341851143,0,1,0,30,PT
PT,Portugal,2025-08,164.89,,CP01121,I15,2025m8,5.105278584912877,0,1,0,30,PT
PT,Portugal,2025-09,166.8,,CP01121,I15,2025m9,5.116795489924646,0,1,0,30,PT
RO,Romania,2023-04,151.99,,CP01121,I15,2023m4,5.02381472920837,0,0,0,30,RO
RO,Romania,2023-05,154.62,,CP01121,I15,2023m5,5.040970493892329,0,0,0,30,RO
RO,Romania,2023-06,157.02,,CP01121,I15,2023m6,5.056373185770109,0,0,0,30,RO
RO,Romania,2023-07,158.43,,CP01121,I15,2023m7,5.065312855386951,0,0,0,30,RO
RO,Romania,2023-08,160.28,,CP01121,I15,2023m8,5.076922285767944,0,0,0,30,RO
RO,Romania,2023-09,161.16,,CP01121,I15,2023m9,5.082397660323147,0,0,0,30,RO
RO,Romania,2023-10,161.87,,CP01121,I15,2023m10,5.086793543945869,0,0,0,30,RO
RO,Romania,2023-11,163.1,,CP01121,I15,2023m11,5.094363509626968,0,0,0,30,RO
RO,Romania,2023-12,163.34,,CP01121,I15,2023m12,5.09583391793013,0,0,0,30,RO
RO,Romania,2024-01,164.5,,CP01121,I15,2024m1,5.102910570205426,0,0,0,30,RO
RO,Romania,2024-02,164.63,,CP01121,I15,2024m2,5.10370053165993,0,0,0,30,RO
RO,Romania,2024-03,165.21,,CP01121,I15,2024m3,5.1072173919425,0,0,0,30,RO
RO,Romania,2024-04,166.29,,CP01121,I15,2024m4,5.113733252099823,0,0,0,30,RO
RO,Romania,2024-05,166.72,,CP01121,I15,2024m5,5.116315758565002,0,0,0,30,RO
RO,Romania,2024-06,167.16,,CP01121,I15,2024m6,5.118951437579715,0,0,0,30,RO
RO,Romania,2024-07,168.6,,CP01121,I15,2024m7,5.127529045567755,0,1,0,30,RO
RO,Romania,2024-08,168.8,,CP01121,I15,2024m8,5.128714582161857,0,1,0,30,RO
RO,Romania,2024-09,168.93,,CP01121,I15,2024m9,5.129484427934637,0,1,0,30,RO
RO,Romania,2024-10,169.55,,CP01121,I15,2024m10,5.133147868571648,0,1,0,30,RO
RO,Romania,2024-11,169.93,,CP01121,I15,2024m11,5.135386587546014,0,1,0,30,RO
RO,Romania,2024-12,170.48,,CP01121,I15,2024m12,5.138617987790361,0,1,0,30,RO
RO,Romania,2025-01,170.97,,CP01121,I15,2025m1,5.141488102515018,0,1,0,30,RO
RO,Romania,2025-02,172.05,,CP01121,I15,2025m2,5.14778513224349,0,1,0,30,RO
RO,Romania,2025-03,173.61,,CP01121,I15,2025m3,5.156811404253857,0,1,0,30,RO
RO,Romania,2025-04,174.69,,CP01121,I15,2025m4,5.163012974517138,0,1,0,30,RO
RO,Romania,2025-05,175.93,,CP01121,I15,2025m5,5.170086188650955,0,1,0,30,RO
RO,Romania,2025-06,176.96,,CP01121,I15,2025m6,5.17592371833397,0,1,0,30,RO
RO,Romania,2025-07,177.85,,CP01121,I15,2025m7,5.180940498394464,0,1,0,30,RO
RO,Romania,2025-08,184.06,,CP01121,I15,2025m8,5.215261791410711,0,1,0,30,RO
RO,Romania,2025-09,185.15,,CP01121,I15,2025m9,5.221166307359622,0,1,0,30,RO
SE,Sweden,2023-04,147.69,,CP01121,I15,2023m4,4.995115482438218,0,0,0,30,SE
SE,Sweden,2023-05,146.8,,CP01121,I15,2023m5,4.989071116180416,0,0,0,30,SE
SE,Sweden,2023-06,147.64,,CP01121,I15,2023m6,4.994776878161797,0,0,0,30,SE
SE,Sweden,2023-07,145.18,,CP01121,I15,2023m7,4.977974351856695,0,0,0,30,SE
SE,Sweden,2023-08,147.49,,CP01121,I15,2023m8,4.993760376871411,0,0,0,30,SE
SE,Sweden,2023-09,146.36,,CP01121,I15,2023m9,4.986069340151007,0,0,0,30,SE
SE,Sweden,2023-10,144.11,,CP01121,I15,2023m10,4.97057689685027,0,0,0,30,SE
SE,Sweden,2023-11,144.58,,CP01121,I15,2023m11,4.973832987572151,0,0,0,30,SE
SE,Sweden,2023-12,147.17,,CP01121,I15,2023m12,4.991588381176022,0,0,0,30,SE
SE,Sweden,2024-01,147.25,,CP01121,I15,2024m1,4.992131822531696,0,0,0,30,SE
SE,Sweden,2024-02,149.25,,CP01121,I15,2024m2,5.005622752272711,0,0,0,30,SE
SE,Sweden,2024-03,147.67,,CP01121,I15,2024m3,4.994980054485683,0,0,0,30,SE
SE,Sweden,2024-04,145.33,,CP01121,I15,2024m4,4.979007018638079,0,0,0,30,SE
SE,Sweden,2024-05,146.58,,CP01121,I15,2024m5,4.987571354497704,0,0,0,30,SE
SE,Sweden,2024-06,147.31,,CP01121,I15,2024m6,4.992539209826847,0,0,0,30,SE
SE,Sweden,2024-07,145.41,,CP01121,I15,2024m7,4.979557338525394,0,1,0,30,SE
SE,Sweden,2024-08,146.33,,CP01121,I15,2024m8,4.985864345104336,0,1,0,30,SE
SE,Sweden,2024-09,146.59,,CP01121,I15,2024m9,4.98763957430194,0,1,0,30,SE
SE,Sweden,2024-10,146.29,,CP01121,I15,2024m10,4.985590952989995,0,1,0,30,SE
SE,Sweden,2024-11,145.71,,CP01121,I15,2024m11,4.981618345025764,0,1,0,30,SE
SE,Sweden,2024-12,148.09,,CP01121,I15,2024m12,4.997820197049412,0,1,0,30,SE
SE,Sweden,2025-01,152.43,,CP01121,I15,2025m1,5.026705474273751,0,1,0,30,SE
SE,Sweden,2025-02,153.88,,CP01121,I15,2025m2,5.036173077884095,0,1,0,30,SE
SE,Sweden,2025-03,158.25,,CP01121,I15,2025m3,5.064176061024286,0,1,0,30,SE
SE,Sweden,2025-04,164.01,,CP01121,I15,2025m4,5.099927401575018,0,1,0,30,SE
SE,Sweden,2025-05,167.4,,CP01121,I15,2025m5,5.120386158055375,0,1,0,30,SE
SE,Sweden,2025-06,168.62,,CP01121,I15,2025m6,5.12764766249453,0,1,0,30,SE
SE,Sweden,2025-07,168.86,,CP01121,I15,2025m7,5.129069969241354,0,1,0,30,SE
SE,Sweden,2025-08,171.39,,CP01121,I15,2025m8,5.14394166140448,0,1,0,30,SE
SE,Sweden,2025-09,172.58,,CP01121,I15,2025m9,5.150860897080162,0,1,0,30,SE
SI,Slovenia,2023-04,142.86,,CP01121,I15,2023m4,4.961865129726826,0,0,0,30,SI
SI,Slovenia,2023-05,143.21,,CP01121,I15,2023m5,4.964312084490611,0,0,0,30,SI
SI,Slovenia,2023-06,141.84,,CP01121,I15,2023m6,4.954699661765953,0,0,0,30,SI
SI,Slovenia,2023-07,142.42,,CP01121,I15,2023m7,4.958780438553979,0,0,0,30,SI
SI,Slovenia,2023-08,145.6,,CP01121,I15,2023m8,4.980863135762585,0,0,0,30,SI
SI,Slovenia,2023-09,141.99,,CP01121,I15,2023m9,4.955756632586266,0,0,0,30,SI
SI,Slovenia,2023-10,144.61,,CP01121,I15,2023m10,4.974040463626701,0,0,0,30,SI
SI,Slovenia,2023-11,143.75,,CP01121,I15,2023m11,4.96807567967746,0,0,0,30,SI
SI,Slovenia,2023-12,142.42,,CP01121,I15,2023m12,4.958780438553979,0,0,0,30,SI
SI,Slovenia,2024-01,144.7,,CP01121,I15,2024m1,4.974662633637438,0,0,0,30,SI
SI,Slovenia,2024-02,145.46,,CP01121,I15,2024m2,4.979901134726394,0,0,0,30,SI
SI,Slovenia,2024-03,144.84,,CP01121,I15,2024m3,4.975629684897441,0,0,0,30,SI
SI,Slovenia,2024-04,143.47,,CP01121,I15,2024m4,4.966125954110298,0,0,0,30,SI
SI,Slovenia,2024-05,142.5,,CP01121,I15,2024m5,4.959341999708705,0,0,0,30,SI
SI,Slovenia,2024-06,141.58,,CP01121,I15,2024m6,4.952864928346044,0,0,0,30,SI
SI,Slovenia,2024-07,142.92,,CP01121,I15,2024m7,4.962285033155209,0,1,0,30,SI
SI,Slovenia,2024-08,142.98,,CP01121,I15,2024m8,4.962704760338705,0,1,0,30,SI
SI,Slovenia,2024-09,145.86,,CP01121,I15,2024m9,4.982647257556087,0,1,0,30,SI
SI,Slovenia,2024-10,143.7,,CP01121,I15,2024m10,4.967727793084979,0,1,0,30,SI
SI,Slovenia,2024-11,150.24,,CP01121,I15,2024m11,5.012234015459953,0,1,0,30,SI
SI,Slovenia,2024-12,149.74,,CP01121,I15,2024m12,5.008900456802539,0,1,0,30,SI
SI,Slovenia,2025-01,152.43,,CP01121,I15,2025m1,5.026705474273751,0,1,0,30,SI
SI,Slovenia,2025-02,152.19,,CP01121,I15,2025m2,5.025129740246708,0,1,0,30,SI
SI,Slovenia,2025-03,155.7,,CP01121,I15,2025m3,5.047931078839953,0,1,0,30,SI
SI,Slovenia,2025-04,164.22,,CP01121,I15,2025m4,5.101206992280643,0,1,0,30,SI
SI,Slovenia,2025-05,166.36,,CP01121,I15,2025m5,5.114154114874711,0,1,0,30,SI
SI,Slovenia,2025-06,168.4,,CP01121,I15,2025m6,5.126342101808226,0,1,0,30,SI
SI,Slovenia,2025-07,174.54,,CP01121,I15,2025m7,5.162153941735165,0,1,0,30,SI
SI,Slovenia,2025-08,179.04,,CP01121,I15,2025m8,5.187609244563615,0,1,0,30,SI
SI,Slovenia,2025-09,179.66,,CP01121,I15,2025m9,5.19106617580106,0,1,0,30,SI
SK,Slovakia,2023-04,153.13,,CP01121,I15,2023m4,5.031287233827117,0,0,0,30,SK
SK,Slovakia,2023-05,154.56,,CP01121,I15,2023m5,5.040582370464208,0,0,0,30,SK
SK,Slovakia,2023-06,154.9,,CP01121,I15,2023m6,5.042779747422823,0,0,0,30,SK
SK,Slovakia,2023-07,154.89,,CP01121,I15,2023m7,5.042715187559668,0,0,0,30,SK
SK,Slovakia,2023-08,155.27,,CP01121,I15,2023m8,5.045165536993078,0,0,0,30,SK
SK,Slovakia,2023-09,155.48,,CP01121,I15,2023m9,5.046517105984022,0,0,0,30,SK
SK,Slovakia,2023-10,154.29,,CP01121,I15,2023m10,5.038833948454934,0,0,0,30,SK
SK,Slovakia,2023-11,154.42,,CP01121,I15,2023m11,5.03967616288067,0,0,0,30,SK
SK,Slovakia,2023-12,154.8,,CP01121,I15,2023m12,5.042133961155627,0,0,0,30,SK
SK,Slovakia,2024-01,154.36,,CP01121,I15,2024m1,5.039287536669418,0,0,0,30,SK
SK,Slovakia,2024-02,159.6,,CP01121,I15,2024m2,5.072670685015709,0,0,0,30,SK
SK,Slovakia,2024-03,155.65,,CP01121,I15,2024m3,5.047609896887617,0,0,0,30,SK
SK,Slovakia,2024-04,154.01,,CP01121,I15,2024m4,5.037017535370374,0,0,0,30,SK
SK,Slovakia,2024-05,158.92,,CP01121,I15,2024m5,5.068400930946398,0,0,0,30,SK
SK,Slovakia,2024-06,158.18,,CP01121,I15,2024m6,5.063733625091271,0,0,0,30,SK
SK,Slovakia,2024-07,156.11,,CP01121,I15,2024m7,5.050560886968575,0,1,0,30,SK
SK,Slovakia,2024-08,155.62,,CP01121,I15,2024m8,5.047417138188784,0,1,0,30,SK
SK,Slovakia,2024-09,155.93,,CP01121,I15,2024m9,5.049407188596794,0,1,0,30,SK
SK,Slovakia,2024-10,158.76,,CP01121,I15,2024m10,5.067393627914864,0,1,0,30,SK
SK,Slovakia,2024-11,162.99,,CP01121,I15,2024m11,5.093688849231541,0,1,0,30,SK
SK,Slovakia,2024-12,160.94,,CP01121,I15,2024m12,5.081031624717987,0,1,0,30,SK
SK,Slovakia,2025-01,164.93,,CP01121,I15,2025m1,5.105521141460061,0,1,0,30,SK
SK,Slovakia,2025-02,165.56,,CP01121,I15,2025m2,5.109333666880532,0,1,0,30,SK
SK,Slovakia,2025-03,170.91,,CP01121,I15,2025m3,5.141137102160414,0,1,0,30,SK
SK,Slovakia,2025-04,174.41,,CP01121,I15,2025m4,5.161408849280577,0,1,0,30,SK
SK,Slovakia,2025-05,178.49,,CP01121,I15,2025m5,5.184532577241416,0,1,0,30,SK
SK,Slovakia,2025-06,183.6,,CP01121,I15,2025m6,5.21275947818639,0,1,0,30,SK
SK,Slovakia,2025-07,185.28,,CP01121,I15,2025m7,5.221868194384631,0,1,0,30,SK
SK,Slovakia,2025-08,192.4,,CP01121,I15,2025m8,5.259576538231606,0,1,0,30,SK
SK,Slovakia,2025-09,193.13,,CP01121,I15,2025m9,5.263363537284508,0,1,0,30,SK
