relative_time,estimate,std_error,conf_low,conf_high
-8,-.0033016421134226,.052578546,-.10636267,.099759385
-7,-.0166582113268696,.024621043,-.064918771,.031602349
-6,-.010156030090593,.039620366,-.087817281,.067505226
-5,-.0228086829739278,.032353438,-.086225778,.040608414
-4,-.0072062196060463,.032954719,-.071801901,.057389464
-3,-.0202978834795328,.040160503,-.099017873,.058422107
-2,.0090817193209159,.03349445,-.056571916,.074735351
-1,0,,,
1,-.0063591143682045,.03866424,-.082146235,.069428004
2,-.0199954797063447,.023665085,-.066382237,.026391273
3,.0557077762466087,.062007975,-.065836206,.17725176
4,.0145256724499983,.030731874,-.045712937,.074764282
5,-.0000642640792577,.027292632,-.053561497,.053432968
6,.0195180720684634,.025750117,-.030955626,.069991767
7,.0543325951834859,.029789641,-.0040591112,.1127243
8,.0372253885473751,.025453417,-.012666735,.087117508
9,.1084927885492529,.028270179,.053079434,.16390614
10,.1567528664680094,.028576501,.10073908,.21276665
11,.219392728632591,.033458825,.15380892,.28497654
12,.2742072931855037,.031252485,.21294822,.33546636
13,.2847341347485365,.031697292,.22260317,.34686509
14,.2691240392089158,.030200901,.2099262,.32832187
15,.2630243509803691,.028459063,.20724076,.31880796
