geo,month,measure,value,flag
AT,2020m1,THS_HD,59.950001,
BE,2020m1,THS_HD,70.139999,
BG,2020m1,THS_HD,2.74,
CY,2020m1,THS_HD,1.75,
CZ,2020m1,THS_HD,21.690001,
DE,2020m1,THS_HD,299,
EE,2020m1,THS_HD,2.97,
EL,2020m1,THS_HD,11.96,
ES,2020m1,THS_HD,207.49001,p
FI,2020m1,THS_HD,23.18,
FR,2020m1,THS_HD,392.31,p
HR,2020m1,THS_HD,14.3,
HU,2020m1,THS_HD,10.44,
IE,2020m1,THS_HD,165.37,
IT,2020m1,THS_HD,234.42999,
LT,2020m1,THS_HD,13.79,
LU,2020m1,THS_HD,2.6199999,
LV,2020m1,THS_HD,6.1300001,
MT,2020m1,THS_HD,.41999999,
NL,2020m1,THS_HD,185.2,
PL,2020m1,THS_HD,163.12,
PT,2020m1,THS_HD,30.559999,
RO,2020m1,THS_HD,10.57,p
SE,2020m1,THS_HD,38.66,
SI,2020m1,THS_HD,9.4300003,
SK,2020m1,THS_HD,2.1900001,
DK,2020m1,THS_HD,39.299999,
AT,2020m2,THS_HD,51.290001,
BE,2020m2,THS_HD,59.73,
BG,2020m2,THS_HD,2.3,
CY,2020m2,THS_HD,1.38,
CZ,2020m2,THS_HD,18.6,
DE,2020m2,THS_HD,258,
EE,2020m2,THS_HD,2.72,
EL,2020m2,THS_HD,11.72,
ES,2020m2,THS_HD,186.19,p
FI,2020m2,THS_HD,20.110001,
FR,2020m2,THS_HD,345.07999,p
HR,2020m2,THS_HD,13,
HU,2020m2,THS_HD,7.8899999,
IE,2020m2,THS_HD,163.69,
IT,2020m2,THS_HD,211.28999,
LT,2020m2,THS_HD,12.57,
LU,2020m2,THS_HD,2.0699999,
LV,2020m2,THS_HD,5.1799998,
MT,2020m2,THS_HD,.30000001,
NL,2020m2,THS_HD,168.75999,
PL,2020m2,THS_HD,154.64999,
PT,2020m2,THS_HD,27.17,
RO,2020m2,THS_HD,9.9200001,p
SE,2020m2,THS_HD,35.860001,
SI,2020m2,THS_HD,8.54,
SK,2020m2,THS_HD,1.99,
DK,2020m2,THS_HD,32.799999,
AT,2020m3,THS_HD,56.650002,
BE,2020m3,THS_HD,64.82,
BG,2020m3,THS_HD,2.46,
CY,2020m3,THS_HD,1.38,
CZ,2020m3,THS_HD,18.99,
DE,2020m3,THS_HD,289,
EE,2020m3,THS_HD,3.02,
EL,2020m3,THS_HD,11.98,
ES,2020m3,THS_HD,197.86,p
FI,2020m3,THS_HD,23.01,
FR,2020m3,THS_HD,373.60999,p
HR,2020m3,THS_HD,15.5,
HU,2020m3,THS_HD,7.4499998,
IE,2020m3,THS_HD,173.67,
IT,2020m3,THS_HD,224.28999,
LT,2020m3,THS_HD,12.15,
LU,2020m3,THS_HD,2.3299999,
LV,2020m3,THS_HD,5.79,
MT,2020m3,THS_HD,.34999999,
NL,2020m3,THS_HD,164.56,
PL,2020m3,THS_HD,151.33,
PT,2020m3,THS_HD,32.91,
RO,2020m3,THS_HD,9.9899998,p
SE,2020m3,THS_HD,37.880001,
SI,2020m3,THS_HD,9.5900002,
SK,2020m3,THS_HD,1.88,
DK,2020m3,THS_HD,37.599998,
AT,2020m4,THS_HD,47.779999,
BE,2020m4,THS_HD,61.299999,
BG,2020m4,THS_HD,2.0899999,
CY,2020m4,THS_HD,1.0700001,
CZ,2020m4,THS_HD,17.33,
DE,2020m4,THS_HD,242,
EE,2020m4,THS_HD,2.8299999,
EL,2020m4,THS_HD,10.94,
ES,2020m4,THS_HD,177.02,p
FI,2020m4,THS_HD,21.200001,
FR,2020m4,THS_HD,371.20001,p
HR,2020m4,THS_HD,11,
HU,2020m4,THS_HD,9.29,
IE,2020m4,THS_HD,122.7,
IT,2020m4,THS_HD,199.13,
LT,2020m4,THS_HD,9.7600002,
LU,2020m4,THS_HD,2.1199999,
LV,2020m4,THS_HD,5.4899998,
MT,2020m4,THS_HD,.33000001,
NL,2020m4,THS_HD,149.92999,
PL,2020m4,THS_HD,123.27,
PT,2020m4,THS_HD,28.35,
RO,2020m4,THS_HD,8.1000004,p
SE,2020m4,THS_HD,34.299999,
SI,2020m4,THS_HD,8.3800001,
SK,2020m4,THS_HD,1.9400001,
DK,2020m4,THS_HD,31.200001,
AT,2020m5,THS_HD,50.279999,
BE,2020m5,THS_HD,59.32,
BG,2020m5,THS_HD,2.0899999,
CY,2020m5,THS_HD,1.11,
CZ,2020m5,THS_HD,18.34,
DE,2020m5,THS_HD,222,
EE,2020m5,THS_HD,2.71,
EL,2020m5,THS_HD,12.39,
ES,2020m5,THS_HD,184.81,p
FI,2020m5,THS_HD,17.75,
FR,2020m5,THS_HD,341.89001,p
HR,2020m5,THS_HD,12.4,
HU,2020m5,THS_HD,7.71,
IE,2020m5,THS_HD,126,
IT,2020m5,THS_HD,214.47,
LT,2020m5,THS_HD,11.23,
LU,2020m5,THS_HD,2.1300001,
LV,2020m5,THS_HD,5.5100002,
MT,2020m5,THS_HD,.31,
NL,2020m5,THS_HD,161.49001,
PL,2020m5,THS_HD,141.84,
PT,2020m5,THS_HD,31.690001,
RO,2020m5,THS_HD,9.5200005,p
SE,2020m5,THS_HD,32.900002,
SI,2020m5,THS_HD,10.31,
SK,2020m5,THS_HD,1.97,
DK,2020m5,THS_HD,31.299999,
AT,2020m6,THS_HD,53.07,
BE,2020m6,THS_HD,64.989998,
BG,2020m6,THS_HD,1.79,
CY,2020m6,THS_HD,1.22,
CZ,2020m6,THS_HD,19.43,
DE,2020m6,THS_HD,261,
EE,2020m6,THS_HD,2.78,
EL,2020m6,THS_HD,12.58,
ES,2020m6,THS_HD,205.31,p
FI,2020m6,THS_HD,19.74,
FR,2020m6,THS_HD,386.70999,p
HR,2020m6,THS_HD,14.8,
HU,2020m6,THS_HD,7.9499998,
IE,2020m6,THS_HD,165.53999,
IT,2020m6,THS_HD,225.00999,
LT,2020m6,THS_HD,11.3,
LU,2020m6,THS_HD,2.3499999,
LV,2020m6,THS_HD,4.5599999,
MT,2020m6,THS_HD,.28999999,
NL,2020m6,THS_HD,175.19,
PL,2020m6,THS_HD,166.61,
PT,2020m6,THS_HD,36.189999,
RO,2020m6,THS_HD,10.02,p
SE,2020m6,THS_HD,34.540001,
SI,2020m6,THS_HD,8.4300003,
SK,2020m6,THS_HD,2.2,
DK,2020m6,THS_HD,40.400002,
AT,2020m7,THS_HD,50.650002,
BE,2020m7,THS_HD,65.32,
BG,2020m7,THS_HD,1.9299999,
CY,2020m7,THS_HD,1.24,
CZ,2020m7,THS_HD,19.1,
DE,2020m7,THS_HD,262,
EE,2020m7,THS_HD,2.8099999,
EL,2020m7,THS_HD,12.84,
ES,2020m7,THS_HD,218.75999,p
FI,2020m7,THS_HD,21.99,
FR,2020m7,THS_HD,369.28,p
HR,2020m7,THS_HD,15.6,
HU,2020m7,THS_HD,9.3999996,
IE,2020m7,THS_HD,172.10001,
IT,2020m7,THS_HD,225.87,
LT,2020m7,THS_HD,14.04,
LU,2020m7,THS_HD,2.29,
LV,2020m7,THS_HD,6.4200001,
MT,2020m7,THS_HD,.36000001,
NL,2020m7,THS_HD,175.25999,
PL,2020m7,THS_HD,176.05,
PT,2020m7,THS_HD,36.419998,
RO,2020m7,THS_HD,11.53,p
SE,2020m7,THS_HD,30.83,
SI,2020m7,THS_HD,8.1400003,
SK,2020m7,THS_HD,2.3199999,
DK,2020m7,THS_HD,33.900002,
AT,2020m8,THS_HD,46.970001,
BE,2020m8,THS_HD,63.389999,
BG,2020m8,THS_HD,1.96,
CY,2020m8,THS_HD,1.09,
CZ,2020m8,THS_HD,18.26,
DE,2020m8,THS_HD,256,
EE,2020m8,THS_HD,2.72,
EL,2020m8,THS_HD,13.04,
ES,2020m8,THS_HD,204.03,p
FI,2020m8,THS_HD,21.18,
FR,2020m8,THS_HD,354.28,p
HR,2020m8,THS_HD,14.8,
HU,2020m8,THS_HD,8.9399996,
IE,2020m8,THS_HD,151.42,
IT,2020m8,THS_HD,218.32001,
LT,2020m8,THS_HD,12.17,
LU,2020m8,THS_HD,1.9299999,
LV,2020m8,THS_HD,5.4200001,
MT,2020m8,THS_HD,.28999999,
NL,2020m8,THS_HD,171.16,
PL,2020m8,THS_HD,151.75999,
PT,2020m8,THS_HD,36.48,
RO,2020m8,THS_HD,11.54,p
SE,2020m8,THS_HD,34.25,
SI,2020m8,THS_HD,7.71,
SK,2020m8,THS_HD,2.1700001,
DK,2020m8,THS_HD,40,
AT,2020m9,THS_HD,54.900002,
BE,2020m9,THS_HD,67.18,
BG,2020m9,THS_HD,3.3900001,
CY,2020m9,THS_HD,1.28,
CZ,2020m9,THS_HD,19.559999,
DE,2020m9,THS_HD,283,
EE,2020m9,THS_HD,3.3099999,
EL,2020m9,THS_HD,12.61,
ES,2020m9,THS_HD,211.99001,p
FI,2020m9,THS_HD,24.139999,
FR,2020m9,THS_HD,385.45001,p
HR,2020m9,THS_HD,15.55,
HU,2020m9,THS_HD,9.3199997,
IE,2020m9,THS_HD,160.85001,
IT,2020m9,THS_HD,232.91,
LT,2020m9,THS_HD,13.64,
LU,2020m9,THS_HD,2.3900001,
LV,2020m9,THS_HD,5.8099999,
MT,2020m9,THS_HD,.38,
NL,2020m9,THS_HD,189.74001,
PL,2020m9,THS_HD,168.73,
PT,2020m9,THS_HD,34.689999,
RO,2020m9,THS_HD,12.49,p
SE,2020m9,THS_HD,40,
SI,2020m9,THS_HD,10.23,
SK,2020m9,THS_HD,2.71,
DK,2020m9,THS_HD,41.900002,
AT,2020m10,THS_HD,59.299999,
BE,2020m10,THS_HD,70.050003,
BG,2020m10,THS_HD,3.1600001,
CY,2020m10,THS_HD,1.35,
CZ,2020m10,THS_HD,20.76,
DE,2020m10,THS_HD,311,
EE,2020m10,THS_HD,3.3299999,
EL,2020m10,THS_HD,11.73,
ES,2020m10,THS_HD,211.33,p
FI,2020m10,THS_HD,24.24,
FR,2020m10,THS_HD,393.48999,p
HR,2020m10,THS_HD,15.3,
HU,2020m10,THS_HD,9.4300003,
IE,2020m10,THS_HD,167.81,
IT,2020m10,THS_HD,241.72,
LT,2020m10,THS_HD,15.64,
LU,2020m10,THS_HD,2.5999999,
LV,2020m10,THS_HD,6.3699999,
MT,2020m10,THS_HD,.34,
NL,2020m10,THS_HD,196.02,
PL,2020m10,THS_HD,167.09,
PT,2020m10,THS_HD,32.73,
RO,2020m10,THS_HD,12.82,p
SE,2020m10,THS_HD,41.009998,
SI,2020m10,THS_HD,11.99,
SK,2020m10,THS_HD,2.3199999,
DK,2020m10,THS_HD,42.099998,
AT,2020m11,THS_HD,57.900002,
BE,2020m11,THS_HD,65.040001,
BG,2020m11,THS_HD,3.45,
CY,2020m11,THS_HD,.98000002,
CZ,2020m11,THS_HD,21.02,
DE,2020m11,THS_HD,292,
EE,2020m11,THS_HD,3.1900001,
EL,2020m11,THS_HD,11.12,
ES,2020m11,THS_HD,200.62,p
FI,2020m11,THS_HD,22.57,
FR,2020m11,THS_HD,371.95999,p
HR,2020m11,THS_HD,13.2,
HU,2020m11,THS_HD,9.1999998,
IE,2020m11,THS_HD,167.08,
IT,2020m11,THS_HD,223.49001,
LT,2020m11,THS_HD,13.58,
LU,2020m11,THS_HD,2.3599999,
LV,2020m11,THS_HD,5.5300002,
MT,2020m11,THS_HD,.36000001,
NL,2020m11,THS_HD,163.16,
PL,2020m11,THS_HD,137.49001,
PT,2020m11,THS_HD,33.41,
RO,2020m11,THS_HD,12.14,p
SE,2020m11,THS_HD,40.200001,
SI,2020m11,THS_HD,13.02,
SK,2020m11,THS_HD,2.3099999,
DK,2020m11,THS_HD,40,
AT,2020m12,THS_HD,55.919998,
BE,2020m12,THS_HD,71.370003,
BG,2020m12,THS_HD,2.98,
CY,2020m12,THS_HD,1.48,
CZ,2020m12,THS_HD,21.459999,
DE,2020m12,THS_HD,288,
EE,2020m12,THS_HD,2.79,
EL,2020m12,THS_HD,11.57,
ES,2020m12,THS_HD,217.00999,p
FI,2020m12,THS_HD,22.58,
FR,2020m12,THS_HD,401.23001,p
HR,2020m12,THS_HD,14.2,
HU,2020m12,THS_HD,8.6599998,
IE,2020m12,THS_HD,145.64999,
IT,2020m12,THS_HD,243.42,
LT,2020m12,THS_HD,9.8100004,
LU,2020m12,THS_HD,2.5,
LV,2020m12,THS_HD,4.79,
MT,2020m12,THS_HD,.38,
NL,2020m12,THS_HD,188.09,
PL,2020m12,THS_HD,149.31,
PT,2020m12,THS_HD,32.700001,
RO,2020m12,THS_HD,13.27,p
SE,2020m12,THS_HD,34.02,
SI,2020m12,THS_HD,12.35,
SK,2020m12,THS_HD,2.1900001,
DK,2020m12,THS_HD,37.599998,
AT,2021m1,THS_HD,48.040001,
BE,2021m1,THS_HD,60.200001,
BG,2021m1,THS_HD,2.5799999,
CY,2021m1,THS_HD,1.78,
CZ,2021m1,THS_HD,19.200001,
DE,2021m1,THS_HD,253.17,
EE,2021m1,THS_HD,2.8,
EL,2021m1,THS_HD,11.61,
ES,2021m1,THS_HD,185.97,
FI,2021m1,THS_HD,19.83,
FR,2021m1,THS_HD,361.28,p
HR,2021m1,THS_HD,12.1,
HU,2021m1,THS_HD,8.3900003,
IE,2021m1,THS_HD,134.58,
IT,2021m1,THS_HD,218.95,
LT,2021m1,THS_HD,10.55,
LU,2021m1,THS_HD,2.1800001,
LV,2021m1,THS_HD,5.0799999,
MT,2021m1,THS_HD,.34999999,
NL,2021m1,THS_HD,150.99001,
PL,2021m1,THS_HD,131.38,
PT,2021m1,THS_HD,28.68,
RO,2021m1,THS_HD,11.17,p
SE,2021m1,THS_HD,31.66,
SI,2021m1,THS_HD,8.7299995,
SK,2021m1,THS_HD,2.51,
DK,2021m1,THS_HD,36.099998,
AT,2021m2,THS_HD,48.110001,
BE,2021m2,THS_HD,58.41,
BG,2021m2,THS_HD,2.21,
CY,2021m2,THS_HD,1.5599999,
CZ,2021m2,THS_HD,18.709999,
DE,2021m2,THS_HD,256.79999,
EE,2021m2,THS_HD,2.54,
EL,2021m2,THS_HD,11.06,
ES,2021m2,THS_HD,185.8,
FI,2021m2,THS_HD,19.940001,
FR,2021m2,THS_HD,346.32999,p
HR,2021m2,THS_HD,12,
HU,2021m2,THS_HD,7.75,
IE,2021m2,THS_HD,136.64999,
IT,2021m2,THS_HD,207.63,
LT,2021m2,THS_HD,8.8900003,
LU,2021m2,THS_HD,2.25,
LV,2021m2,THS_HD,4.5500002,
MT,2021m2,THS_HD,.33000001,
NL,2021m2,THS_HD,148.41,
PL,2021m2,THS_HD,139.61,
PT,2021m2,THS_HD,27.389999,
RO,2021m2,THS_HD,10.71,p
SE,2021m2,THS_HD,31.07,
SI,2021m2,THS_HD,8.8900003,
SK,2021m2,THS_HD,2.4000001,
DK,2021m2,THS_HD,32,
AT,2021m3,THS_HD,60.970001,
BE,2021m3,THS_HD,67.599998,
BG,2021m3,THS_HD,2.55,
CY,2021m3,THS_HD,1.63,
CZ,2021m3,THS_HD,20.049999,
DE,2021m3,THS_HD,307.92999,
EE,2021m3,THS_HD,2.99,
EL,2021m3,THS_HD,11.51,
ES,2021m3,THS_HD,213.2,
FI,2021m3,THS_HD,21.98,
FR,2021m3,THS_HD,411.91,p
HR,2021m3,THS_HD,14.4,
HU,2021m3,THS_HD,7.1300001,
IE,2021m3,THS_HD,164.09,
IT,2021m3,THS_HD,246.78,
LT,2021m3,THS_HD,14.18,
LU,2021m3,THS_HD,2.73,
LV,2021m3,THS_HD,5.9499998,
MT,2021m3,THS_HD,.37,
NL,2021m3,THS_HD,192.7,
PL,2021m3,THS_HD,169.50999,
PT,2021m3,THS_HD,35.529999,
RO,2021m3,THS_HD,11.36,p
SE,2021m3,THS_HD,35.790001,
SI,2021m3,THS_HD,11.34,
SK,2021m3,THS_HD,2.8,
DK,2021m3,THS_HD,40.799999,
AT,2021m4,THS_HD,52.84,
BE,2021m4,THS_HD,61.490002,
BG,2021m4,THS_HD,2.1900001,
CY,2021m4,THS_HD,1.27,
CZ,2021m4,THS_HD,19.469999,
DE,2021m4,THS_HD,256.91,
EE,2021m4,THS_HD,2.76,
EL,2021m4,THS_HD,10.38,
ES,2021m4,THS_HD,200.64,
FI,2021m4,THS_HD,20.07,
FR,2021m4,THS_HD,372.07001,p
HR,2021m4,THS_HD,12.6,
HU,2021m4,THS_HD,9.8999996,
IE,2021m4,THS_HD,137.17,
IT,2021m4,THS_HD,218.21001,
LT,2021m4,THS_HD,12.95,
LU,2021m4,THS_HD,2.5699999,
LV,2021m4,THS_HD,5.9699998,
MT,2021m4,THS_HD,.34,
NL,2021m4,THS_HD,167.63,
PL,2021m4,THS_HD,147.67999,
PT,2021m4,THS_HD,31.26,
RO,2021m4,THS_HD,11.18,p
SE,2021m4,THS_HD,31.82,
SI,2021m4,THS_HD,9.9200001,
SK,2021m4,THS_HD,2.3800001,
DK,2021m4,THS_HD,33.099998,
AT,2021m5,THS_HD,51.869999,
BE,2021m5,THS_HD,63.09,
BG,2021m5,THS_HD,2.1800001,
CY,2021m5,THS_HD,1.47,
CZ,2021m5,THS_HD,19.610001,
DE,2021m5,THS_HD,241.25,
EE,2021m5,THS_HD,2.79,
EL,2021m5,THS_HD,12.02,
ES,2021m5,THS_HD,214.12,
FI,2021m5,THS_HD,19.4,
FR,2021m5,THS_HD,360.73999,p
HR,2021m5,THS_HD,14.1,
HU,2021m5,THS_HD,9.0600004,
IE,2021m5,THS_HD,136.14999,
IT,2021m5,THS_HD,222.96001,
LT,2021m5,THS_HD,12.76,
LU,2021m5,THS_HD,2.3099999,
LV,2021m5,THS_HD,5.75,
MT,2021m5,THS_HD,.31,
NL,2021m5,THS_HD,166.02,
PL,2021m5,THS_HD,152.12,
PT,2021m5,THS_HD,37.93,
RO,2021m5,THS_HD,10.27,p
SE,2021m5,THS_HD,32.599998,
SI,2021m5,THS_HD,9.3400002,
SK,2021m5,THS_HD,2.5899999,
DK,2021m5,THS_HD,35.200001,
AT,2021m6,THS_HD,49,
BE,2021m6,THS_HD,63,
BG,2021m6,THS_HD,2,
CY,2021m6,THS_HD,1.49,
CZ,2021m6,THS_HD,19.049999,
DE,2021m6,THS_HD,256.07999,
EE,2021m6,THS_HD,2.5699999,
EL,2021m6,THS_HD,11.78,
ES,2021m6,THS_HD,220.22,
FI,2021m6,THS_HD,19.25,
FR,2021m6,THS_HD,370.67001,p
HR,2021m6,THS_HD,14.5,
HU,2021m6,THS_HD,9.0299997,
IE,2021m6,THS_HD,139.22,
IT,2021m6,THS_HD,216.57001,
LT,2021m6,THS_HD,11.68,
LU,2021m6,THS_HD,2.4100001,
LV,2021m6,THS_HD,5.1300001,
MT,2021m6,THS_HD,.31999999,
NL,2021m6,THS_HD,183.34,
PL,2021m6,THS_HD,165.87,
PT,2021m6,THS_HD,37.369999,
RO,2021m6,THS_HD,11.25,p
SE,2021m6,THS_HD,32.57,
SI,2021m6,THS_HD,7.9499998,
SK,2021m6,THS_HD,2.3900001,
DK,2021m6,THS_HD,40.599998,
AT,2021m7,THS_HD,47.860001,
BE,2021m7,THS_HD,61.619999,
BG,2021m7,THS_HD,2.3,
CY,2021m7,THS_HD,1.35,
CZ,2021m7,THS_HD,17.35,
DE,2021m7,THS_HD,254.14,
EE,2021m7,THS_HD,2.5,
EL,2021m7,THS_HD,12.28,
ES,2021m7,THS_HD,219.67,
FI,2021m7,THS_HD,19.870001,
FR,2021m7,THS_HD,347.48999,p
HR,2021m7,THS_HD,15.8,
HU,2021m7,THS_HD,9.75,
IE,2021m7,THS_HD,153.96001,
IT,2021m7,THS_HD,229.31,
LT,2021m7,THS_HD,14.16,
LU,2021m7,THS_HD,2.2,
LV,2021m7,THS_HD,6.1500001,
MT,2021m7,THS_HD,.27000001,
NL,2021m7,THS_HD,165.72,
PL,2021m7,THS_HD,185.37,
PT,2021m7,THS_HD,37.91,
RO,2021m7,THS_HD,12.73,p
SE,2021m7,THS_HD,29.01,
SI,2021m7,THS_HD,7.3499999,
SK,2021m7,THS_HD,2.51,
DK,2021m7,THS_HD,30.5,
AT,2021m8,THS_HD,50.639999,
BE,2021m8,THS_HD,63.25,
BG,2021m8,THS_HD,2.4300001,
CY,2021m8,THS_HD,1.4,
CZ,2021m8,THS_HD,18.76,
DE,2021m8,THS_HD,261.73001,
EE,2021m8,THS_HD,2.9000001,
EL,2021m8,THS_HD,12.59,
ES,2021m8,THS_HD,220.63,
FI,2021m8,THS_HD,23.16,
FR,2021m8,THS_HD,362.63,p
HR,2021m8,THS_HD,16.1,
HU,2021m8,THS_HD,9.2299995,
IE,2021m8,THS_HD,155.8,
IT,2021m8,THS_HD,231.14999,
LT,2021m8,THS_HD,13.27,
LU,2021m8,THS_HD,2.0699999,
LV,2021m8,THS_HD,6.0100002,
MT,2021m8,THS_HD,.33000001,
NL,2021m8,THS_HD,165.7,
PL,2021m8,THS_HD,154.78999,
PT,2021m8,THS_HD,39.349998,
RO,2021m8,THS_HD,12.58,p
SE,2021m8,THS_HD,34.650002,
SI,2021m8,THS_HD,8.2600002,
SK,2021m8,THS_HD,2.6700001,
DK,2021m8,THS_HD,41.299999,
AT,2021m9,THS_HD,53.830002,
BE,2021m9,THS_HD,65.449997,
BG,2021m9,THS_HD,4.3699999,
CY,2021m9,THS_HD,1.86,
CZ,2021m9,THS_HD,19.76,
DE,2021m9,THS_HD,274.14001,
EE,2021m9,THS_HD,3.23,
EL,2021m9,THS_HD,12.24,
ES,2021m9,THS_HD,224.61,
FI,2021m9,THS_HD,23.5,
FR,2021m9,THS_HD,379.69,p
HR,2021m9,THS_HD,15.6,
HU,2021m9,THS_HD,9.8500004,
IE,2021m9,THS_HD,163.24001,
IT,2021m9,THS_HD,244.73,
LT,2021m9,THS_HD,14.6,
LU,2021m9,THS_HD,2.4100001,
LV,2021m9,THS_HD,6.5300002,
MT,2021m9,THS_HD,.28999999,
NL,2021m9,THS_HD,188.42,
PL,2021m9,THS_HD,159.84,
PT,2021m9,THS_HD,35.779999,
RO,2021m9,THS_HD,13.68,p
SE,2021m9,THS_HD,38.34,
SI,2021m9,THS_HD,10.95,
SK,2021m9,THS_HD,2.73,
DK,2021m9,THS_HD,42.200001,
AT,2021m10,THS_HD,57.209999,
BE,2021m10,THS_HD,66.139999,
BG,2021m10,THS_HD,3.9100001,
CY,2021m10,THS_HD,2.0699999,
CZ,2021m10,THS_HD,20.24,
DE,2021m10,THS_HD,279.60999,
EE,2021m10,THS_HD,3.05,
EL,2021m10,THS_HD,11.29,
ES,2021m10,THS_HD,215.32001,
FI,2021m10,THS_HD,23.51,
FR,2021m10,THS_HD,369.92999,p
HR,2021m10,THS_HD,14.8,
HU,2021m10,THS_HD,9,
IE,2021m10,THS_HD,158.78999,
IT,2021m10,THS_HD,237.37,
LT,2021m10,THS_HD,16.01,
LU,2021m10,THS_HD,2.48,
LV,2021m10,THS_HD,6.4099998,
MT,2021m10,THS_HD,.25999999,
NL,2021m10,THS_HD,175.63,
PL,2021m10,THS_HD,157.47,
PT,2021m10,THS_HD,35.200001,
RO,2021m10,THS_HD,13.76,p
SE,2021m10,THS_HD,38.209999,
SI,2021m10,THS_HD,12.98,
SK,2021m10,THS_HD,2.72,
DK,2021m10,THS_HD,38.799999,
AT,2021m11,THS_HD,66.470001,
BE,2021m11,THS_HD,67.639999,
BG,2021m11,THS_HD,4.5500002,
CY,2021m11,THS_HD,2.05,
CZ,2021m11,THS_HD,22.610001,
DE,2021m11,THS_HD,321.89001,
EE,2021m11,THS_HD,3.3499999,
EL,2021m11,THS_HD,11.4,
ES,2021m11,THS_HD,228.03999,
FI,2021m11,THS_HD,24.620001,
FR,2021m11,THS_HD,390.54001,p
HR,2021m11,THS_HD,14.4,
HU,2021m11,THS_HD,9.9899998,
IE,2021m11,THS_HD,171.39,
IT,2021m11,THS_HD,244.02,
LT,2021m11,THS_HD,14.62,
LU,2021m11,THS_HD,2.54,
LV,2021m11,THS_HD,6.1999998,
MT,2021m11,THS_HD,.37,
NL,2021m11,THS_HD,193.08,
PL,2021m11,THS_HD,152.88,
PT,2021m11,THS_HD,36.68,
RO,2021m11,THS_HD,17.48,p
SE,2021m11,THS_HD,40.810001,
SI,2021m11,THS_HD,14.79,
SK,2021m11,THS_HD,2.48,
DK,2021m11,THS_HD,43.200001,
AT,2021m12,THS_HD,57.32,
BE,2021m12,THS_HD,69.07,p
BG,2021m12,THS_HD,3.95,
CY,2021m12,THS_HD,1.92,
CZ,2021m12,THS_HD,20.48,
DE,2021m12,THS_HD,276.95999,
EE,2021m12,THS_HD,2.55,
EL,2021m12,THS_HD,12.13,
ES,2021m12,THS_HD,224.16,
FI,2021m12,THS_HD,23.41,
FR,2021m12,THS_HD,384.91,p
HR,2021m12,THS_HD,14.5,
HU,2021m12,THS_HD,10.27,
IE,2021m12,THS_HD,141.13,
IT,2021m12,THS_HD,256.87,
LT,2021m12,THS_HD,11.65,
LU,2021m12,THS_HD,2.51,
LV,2021m12,THS_HD,5.23,
MT,2021m12,THS_HD,.27000001,
NL,2021m12,THS_HD,195.69,
PL,2021m12,THS_HD,148.34,
PT,2021m12,THS_HD,33.029999,
RO,2021m12,THS_HD,16.1,p
SE,2021m12,THS_HD,35.119999,
SI,2021m12,THS_HD,12.81,
SK,2021m12,THS_HD,2.4400001,
DK,2021m12,THS_HD,38.900002,
AT,2022m1,THS_HD,49.220001,
BE,2022m1,THS_HD,61.700001,
BG,2022m1,THS_HD,3.3699999,p
CY,2022m1,THS_HD,2.04,
CZ,2022m1,THS_HD,18.610001,
DE,2022m1,THS_HD,236.05,
EE,2022m1,THS_HD,2.5999999,
EL,2022m1,THS_HD,12,
ES,2022m1,THS_HD,200.64999,
FI,2022m1,THS_HD,20.18,
FR,2022m1,THS_HD,347.35001,p
HR,2022m1,THS_HD,12,
HU,2022m1,THS_HD,8.3599997,
IE,2022m1,THS_HD,143.87,
IT,2022m1,THS_HD,223.58,
LT,2022m1,THS_HD,10.63,
LU,2022m1,THS_HD,2.1099999,
LV,2022m1,THS_HD,4.9200001,
MT,2022m1,THS_HD,.31,
NL,2022m1,THS_HD,160.92999,
PL,2022m1,THS_HD,136.45,
PT,2022m1,THS_HD,31.18,
RO,2022m1,THS_HD,12.59,p
SE,2022m1,THS_HD,31.879999,
SI,2022m1,THS_HD,9.0699997,
SK,2022m1,THS_HD,2.3,
DK,2022m1,THS_HD,36.189999,
AT,2022m2,THS_HD,49.02,
BE,2022m2,THS_HD,57.380001,
BG,2022m2,THS_HD,3.23,p
CY,2022m2,THS_HD,1.9299999,
CZ,2022m2,THS_HD,17.49,
DE,2022m2,THS_HD,234.89999,
EE,2022m2,THS_HD,2.27,
EL,2022m2,THS_HD,11.61,
ES,2022m2,THS_HD,202.24001,
FI,2022m2,THS_HD,20.16,
FR,2022m2,THS_HD,325.82001,p
HR,2022m2,THS_HD,11.7,
HU,2022m2,THS_HD,7.5100002,
IE,2022m2,THS_HD,159.27,
IT,2022m2,THS_HD,214.37,
LT,2022m2,THS_HD,9.6499996,
LU,2022m2,THS_HD,2.0799999,
LV,2022m2,THS_HD,4.79,
MT,2022m2,THS_HD,.30000001,
NL,2022m2,THS_HD,157.45,
PL,2022m2,THS_HD,145.64,
PT,2022m2,THS_HD,31.030001,
RO,2022m2,THS_HD,12.63,p
SE,2022m2,THS_HD,31.82,
SI,2022m2,THS_HD,9.1499996,
SK,2022m2,THS_HD,1.88,
DK,2022m2,THS_HD,31.620001,
AT,2022m3,THS_HD,58.259998,
BE,2022m3,THS_HD,65.330002,
BG,2022m3,THS_HD,3.1300001,p
CY,2022m3,THS_HD,2.1700001,
CZ,2022m3,THS_HD,19.98,
DE,2022m3,THS_HD,271.51999,
EE,2022m3,THS_HD,3.0799999,
EL,2022m3,THS_HD,11.54,
ES,2022m3,THS_HD,222.55,
FI,2022m3,THS_HD,22.709999,
FR,2022m3,THS_HD,394.76001,p
HR,2022m3,THS_HD,12.7,
HU,2022m3,THS_HD,7.1199999,
IE,2022m3,THS_HD,173.42,
IT,2022m3,THS_HD,253.16,
LT,2022m3,THS_HD,14.98,
LU,2022m3,THS_HD,2.53,
LV,2022m3,THS_HD,6.5599999,
MT,2022m3,THS_HD,.37,
NL,2022m3,THS_HD,192.41,
PL,2022m3,THS_HD,171.55,
PT,2022m3,THS_HD,38.310001,
RO,2022m3,THS_HD,12.08,p
SE,2022m3,THS_HD,34.619999,
SI,2022m3,THS_HD,11.24,
SK,2022m3,THS_HD,2.74,
DK,2022m3,THS_HD,38.91,
AT,2022m4,THS_HD,56,
BE,2022m4,THS_HD,62.779999,
BG,2022m4,THS_HD,2.28,p
CY,2022m4,THS_HD,1.62,
CZ,2022m4,THS_HD,17.610001,
DE,2022m4,THS_HD,235.92,
EE,2022m4,THS_HD,2.3399999,
EL,2022m4,THS_HD,11.22,
ES,2022m4,THS_HD,210,
FI,2022m4,THS_HD,17.969999,
FR,2022m4,THS_HD,349.76001,p
HR,2022m4,THS_HD,12.5,
HU,2022m4,THS_HD,9.2299995,
IE,2022m4,THS_HD,161.19,
IT,2022m4,THS_HD,231.5,
LT,2022m4,THS_HD,12.54,
LU,2022m4,THS_HD,2.0999999,
LV,2022m4,THS_HD,5.4200001,
MT,2022m4,THS_HD,.28999999,
NL,2022m4,THS_HD,170.96001,
PL,2022m4,THS_HD,145.45,
PT,2022m4,THS_HD,33.389999,
RO,2022m4,THS_HD,10.71,p
SE,2022m4,THS_HD,29.290001,
SI,2022m4,THS_HD,9.8699999,
SK,2022m4,THS_HD,2.22,
DK,2022m4,THS_HD,32.849998,
AT,2022m5,THS_HD,55.709999,
BE,2022m5,THS_HD,64.029999,
BG,2022m5,THS_HD,2.46,p
CY,2022m5,THS_HD,1.9400001,
CZ,2022m5,THS_HD,18.790001,
DE,2022m5,THS_HD,246.19,
EE,2022m5,THS_HD,2.9100001,
EL,2022m5,THS_HD,12.01,
ES,2022m5,THS_HD,235.62,
FI,2022m5,THS_HD,19.48,
FR,2022m5,THS_HD,360.03,p
HR,2022m5,THS_HD,12.6,
HU,2022m5,THS_HD,8.1400003,
IE,2022m5,THS_HD,154.75999,
IT,2022m5,THS_HD,229.71001,
LT,2022m5,THS_HD,12.45,
LU,2022m5,THS_HD,2.1500001,
LV,2022m5,THS_HD,5.3499999,
MT,2022m5,THS_HD,.31999999,
NL,2022m5,THS_HD,180.95,
PL,2022m5,THS_HD,150.27,
PT,2022m5,THS_HD,43.470001,
RO,2022m5,THS_HD,12.42,p
SE,2022m5,THS_HD,34.240002,
SI,2022m5,THS_HD,9.1099997,
SK,2022m5,THS_HD,2.3099999,
DK,2022m5,THS_HD,35.68,
AT,2022m6,THS_HD,47.349998,
BE,2022m6,THS_HD,61.889999,
BG,2022m6,THS_HD,2,p
CY,2022m6,THS_HD,1.61,
CZ,2022m6,THS_HD,17.940001,
DE,2022m6,THS_HD,223.23,
EE,2022m6,THS_HD,2.3900001,
EL,2022m6,THS_HD,12.52,
ES,2022m6,THS_HD,228.36,
FI,2022m6,THS_HD,20.77,
FR,2022m6,THS_HD,352.04001,p
HR,2022m6,THS_HD,13.7,
HU,2022m6,THS_HD,8.0799999,
IE,2022m6,THS_HD,144.60001,
IT,2022m6,THS_HD,225.60001,
LT,2022m6,THS_HD,11.3,
LU,2022m6,THS_HD,2.1800001,
LV,2022m6,THS_HD,4.6700001,
MT,2022m6,THS_HD,.27000001,
NL,2022m6,THS_HD,176.72,
PL,2022m6,THS_HD,157.75999,
PT,2022m6,THS_HD,38.360001,
RO,2022m6,THS_HD,12.25,p
SE,2022m6,THS_HD,32.57,
SI,2022m6,THS_HD,8.3400002,
SK,2022m6,THS_HD,2.02,
DK,2022m6,THS_HD,39.669998,
AT,2022m7,THS_HD,41.810001,
BE,2022m7,THS_HD,53.27,
BG,2022m7,THS_HD,1.99,p
CY,2022m7,THS_HD,1.39,
CZ,2022m7,THS_HD,15.68,
DE,2022m7,THS_HD,218.52,
EE,2022m7,THS_HD,2.4200001,
EL,2022m7,THS_HD,13.09,
ES,2022m7,THS_HD,216.60001,
FI,2022m7,THS_HD,19.110001,
FR,2022m7,THS_HD,318.66,p
HR,2022m7,THS_HD,14.3,
HU,2022m7,THS_HD,8.3599997,
IE,2022m7,THS_HD,147.96001,
IT,2022m7,THS_HD,221.06,
LT,2022m7,THS_HD,12.32,
LU,2022m7,THS_HD,1.99,
LV,2022m7,THS_HD,5.25,
MT,2022m7,THS_HD,.27000001,
NL,2022m7,THS_HD,157.98,
PL,2022m7,THS_HD,142.94,
PT,2022m7,THS_HD,37.549999,
RO,2022m7,THS_HD,12.8,p
SE,2022m7,THS_HD,29.1,
SI,2022m7,THS_HD,7.1199999,
SK,2022m7,THS_HD,2.1800001,
DK,2022m7,THS_HD,30.16,
AT,2022m8,THS_HD,53.52,
BE,2022m8,THS_HD,63.279999,
BG,2022m8,THS_HD,1.76,p
CY,2022m8,THS_HD,1.37,
CZ,2022m8,THS_HD,18.110001,
DE,2022m8,THS_HD,248.32001,
EE,2022m8,THS_HD,2.75,
EL,2022m8,THS_HD,13.08,
ES,2022m8,THS_HD,227.86,
FI,2022m8,THS_HD,24.629999,
FR,2022m8,THS_HD,363.01999,p
HR,2022m8,THS_HD,16.1,
HU,2022m8,THS_HD,8.5,
IE,2022m8,THS_HD,166.55,
IT,2022m8,THS_HD,240.88,
LT,2022m8,THS_HD,11.91,
LU,2022m8,THS_HD,2.0799999,
LV,2022m8,THS_HD,5.29,
MT,2022m8,THS_HD,.31,
NL,2022m8,THS_HD,178.75999,
PL,2022m8,THS_HD,150.59,
PT,2022m8,THS_HD,40.959999,
RO,2022m8,THS_HD,14.19,p
SE,2022m8,THS_HD,36.639999,
SI,2022m8,THS_HD,9.3299999,
SK,2022m8,THS_HD,2.1099999,
DK,2022m8,THS_HD,42.880001,
AT,2022m9,THS_HD,52.189999,
BE,2022m9,THS_HD,67.629997,
BG,2022m9,THS_HD,3.75,p
CY,2022m9,THS_HD,1.58,
CZ,2022m9,THS_HD,19.18,
DE,2022m9,THS_HD,265.22,
EE,2022m9,THS_HD,3.1099999,
EL,2022m9,THS_HD,13.14,
ES,2022m9,THS_HD,228.74001,
FI,2022m9,THS_HD,22.059999,
FR,2022m9,THS_HD,371.03,p
HR,2022m9,THS_HD,15,
HU,2022m9,THS_HD,8.8599997,
IE,2022m9,THS_HD,171.02,
IT,2022m9,THS_HD,248.94,
LT,2022m9,THS_HD,14.41,
LU,2022m9,THS_HD,2.29,
LV,2022m9,THS_HD,5.6399999,
MT,2022m9,THS_HD,.28999999,
NL,2022m9,THS_HD,188.03999,
PL,2022m9,THS_HD,153.60001,
PT,2022m9,THS_HD,34.880001,
RO,2022m9,THS_HD,14.97,p
SE,2022m9,THS_HD,38.369999,
SI,2022m9,THS_HD,11.33,
SK,2022m9,THS_HD,2.6300001,
DK,2022m9,THS_HD,40.349998,
AT,2022m10,THS_HD,55.029999,
BE,2022m10,THS_HD,64.260002,
BG,2022m10,THS_HD,3.3099999,p
CY,2022m10,THS_HD,1.73,
CZ,2022m10,THS_HD,18.99,
DE,2022m10,THS_HD,255.44,
EE,2022m10,THS_HD,2.8399999,
EL,2022m10,THS_HD,12.35,
ES,2022m10,THS_HD,212.31,
FI,2022m10,THS_HD,22.709999,
FR,2022m10,THS_HD,354.45999,p
HR,2022m10,THS_HD,14.2,
HU,2022m10,THS_HD,7.3899999,
IE,2022m10,THS_HD,167.77,
IT,2022m10,THS_HD,230.42999,
LT,2022m10,THS_HD,13.85,
LU,2022m10,THS_HD,2.3699999,
LV,2022m10,THS_HD,5.5799999,
MT,2022m10,THS_HD,.31999999,
NL,2022m10,THS_HD,174.37,
PL,2022m10,THS_HD,141.69,
PT,2022m10,THS_HD,33.470001,
RO,2022m10,THS_HD,14.03,p
SE,2022m10,THS_HD,38.189999,
SI,2022m10,THS_HD,11.97,
SK,2022m10,THS_HD,2.2,
DK,2022m10,THS_HD,39.380001,
AT,2022m11,THS_HD,63.43,
BE,2022m11,THS_HD,65.209999,
BG,2022m11,THS_HD,3.4000001,
CY,2022m11,THS_HD,1.76,
CZ,2022m11,THS_HD,21.34,
DE,2022m11,THS_HD,306.56,
EE,2022m11,THS_HD,3.1199999,
EL,2022m11,THS_HD,11.84,
ES,2022m11,THS_HD,210.25,
FI,2022m11,THS_HD,24.959999,
FR,2022m11,THS_HD,366.28,p
HR,2022m11,THS_HD,13.5,
HU,2022m11,THS_HD,8.6300001,
IE,2022m11,THS_HD,179.99001,
IT,2022m11,THS_HD,234.03999,
LT,2022m11,THS_HD,13.45,
LU,2022m11,THS_HD,2.4300001,
LV,2022m11,THS_HD,5.6199999,
MT,2022m11,THS_HD,.38,
NL,2022m11,THS_HD,185.3,
PL,2022m11,THS_HD,160.05,
PT,2022m11,THS_HD,32.470001,
RO,2022m11,THS_HD,15.51,p
SE,2022m11,THS_HD,41.07,
SI,2022m11,THS_HD,14.21,
SK,2022m11,THS_HD,2.25,
DK,2022m11,THS_HD,43.580002,
AT,2022m12,THS_HD,57.450001,
BE,2022m12,THS_HD,68.349998,
BG,2022m12,THS_HD,2.99,p
CY,2022m12,THS_HD,1.71,
CZ,2022m12,THS_HD,19.15,
DE,2022m12,THS_HD,256.5,
EE,2022m12,THS_HD,2.54,
EL,2022m12,THS_HD,13.25,
ES,2022m12,THS_HD,200.81,
FI,2022m12,THS_HD,21.76,
FR,2022m12,THS_HD,357.13,p
HR,2022m12,THS_HD,14.2,
HU,2022m12,THS_HD,7.75,
IE,2022m12,THS_HD,141.24001,
IT,2022m12,THS_HD,244.39,
LT,2022m12,THS_HD,11.18,
LU,2022m12,THS_HD,2.1500001,
LV,2022m12,THS_HD,4.8200002,
MT,2022m12,THS_HD,.31999999,
NL,2022m12,THS_HD,184.87,
PL,2022m12,THS_HD,132.83,
PT,2022m12,THS_HD,31.35,
RO,2022m12,THS_HD,12.7,p
SE,2022m12,THS_HD,34.299999,
SI,2022m12,THS_HD,11.89,
SK,2022m12,THS_HD,1.92,
DK,2022m12,THS_HD,35.810001,
AT,2023m1,THS_HD,53.139999,
BE,2023m1,THS_HD,62.16,
BG,2023m1,THS_HD,3.0699999,p
CY,2023m1,THS_HD,1.87,
CZ,2023m1,THS_HD,18.91,
DE,2023m1,THS_HD,246.75999,
EE,2023m1,THS_HD,2.5699999,
EL,2023m1,THS_HD,13.49,
ES,2023m1,THS_HD,192.53,
FI,2023m1,THS_HD,22.870001,
FR,2023m1,THS_HD,354.25,p
HR,2023m1,THS_HD,12.4,
HU,2023m1,THS_HD,7.9400001,
IE,2023m1,THS_HD,153.48,
IT,2023m1,THS_HD,203.37,
LT,2023m1,THS_HD,12.41,
LU,2023m1,THS_HD,2.0899999,
LV,2023m1,THS_HD,5,
MT,2023m1,THS_HD,.36000001,
NL,2023m1,THS_HD,174.58,
PL,2023m1,THS_HD,136.27,
PT,2023m1,THS_HD,29.9,
RO,2023m1,THS_HD,10.85,p
SE,2023m1,THS_HD,34.040001,
SI,2023m1,THS_HD,9.0200005,
SK,2023m1,THS_HD,2.1400001,
DK,2023m1,THS_HD,35.84,
AT,2023m2,THS_HD,48.150002,
BE,2023m2,THS_HD,56.669998,
BG,2023m2,THS_HD,2.5699999,p
CY,2023m2,THS_HD,1.5,
CZ,2023m2,THS_HD,17.34,
DE,2023m2,THS_HD,224.67999,
EE,2023m2,THS_HD,2.49,
EL,2023m2,THS_HD,12.73,
ES,2023m2,THS_HD,186.73,
FI,2023m2,THS_HD,19.219999,
FR,2023m2,THS_HD,318.04001,p
HR,2023m2,THS_HD,11.8,
HU,2023m2,THS_HD,6.8699999,
IE,2023m2,THS_HD,156.22,
IT,2023m2,THS_HD,181.58,
LT,2023m2,THS_HD,11.07,
LU,2023m2,THS_HD,2.05,
LV,2023m2,THS_HD,5.3200002,
MT,2023m2,THS_HD,.31,
NL,2023m2,THS_HD,167.21001,
PL,2023m2,THS_HD,142.14999,
PT,2023m2,THS_HD,26.889999,
RO,2023m2,THS_HD,10.52,p
SE,2023m2,THS_HD,32.169998,
SI,2023m2,THS_HD,8.6099997,
SK,2023m2,THS_HD,1.9,
DK,2023m2,THS_HD,32.639999,
AT,2023m3,THS_HD,59.02,
BE,2023m3,THS_HD,69.150002,
BG,2023m3,THS_HD,2.48,p
CY,2023m3,THS_HD,1.67,
CZ,2023m3,THS_HD,19.98,
DE,2023m3,THS_HD,287.60999,
EE,2023m3,THS_HD,2.55,
EL,2023m3,THS_HD,12.9,
ES,2023m3,THS_HD,212.60001,
FI,2023m3,THS_HD,22.73,
FR,2023m3,THS_HD,379.10999,p
HR,2023m3,THS_HD,14,
HU,2023m3,THS_HD,6.54,
IE,2023m3,THS_HD,165.33,
IT,2023m3,THS_HD,180.60001,
LT,2023m3,THS_HD,14.17,
LU,2023m3,THS_HD,2.3499999,
LV,2023m3,THS_HD,5.6399999,
MT,2023m3,THS_HD,.31999999,
NL,2023m3,THS_HD,196.09,
PL,2023m3,THS_HD,169.88,
PT,2023m3,THS_HD,31.17,
RO,2023m3,THS_HD,11.52,p
SE,2023m3,THS_HD,35.860001,
SI,2023m3,THS_HD,10.66,
SK,2023m3,THS_HD,2.4200001,
DK,2023m3,THS_HD,37.619999,
AT,2023m4,THS_HD,46.84,
BE,2023m4,THS_HD,59.549999,
BG,2023m4,THS_HD,2.3199999,p
CY,2023m4,THS_HD,1.3200001,
CZ,2023m4,THS_HD,17.370001,
DE,2023m4,THS_HD,215.62,
EE,2023m4,THS_HD,2.26,
EL,2023m4,THS_HD,12.79,
ES,2023m4,THS_HD,177.33,
FI,2023m4,THS_HD,19.66,
FR,2023m4,THS_HD,316.5,p
HR,2023m4,THS_HD,12,
HU,2023m4,THS_HD,7.9200001,
IE,2023m4,THS_HD,134.28,
IT,2023m4,THS_HD,205.55,
LT,2023m4,THS_HD,11.85,
LU,2023m4,THS_HD,1.95,
LV,2023m4,THS_HD,5.4200001,
MT,2023m4,THS_HD,.31999999,
NL,2023m4,THS_HD,154.56,
PL,2023m4,THS_HD,124.33,
PT,2023m4,THS_HD,29.33,
RO,2023m4,THS_HD,9.0699997,p
SE,2023m4,THS_HD,29.629999,
SI,2023m4,THS_HD,8.8999996,
SK,2023m4,THS_HD,1.8099999,
DK,2023m4,THS_HD,31.360001,
AT,2023m5,THS_HD,51.580002,
BE,2023m5,THS_HD,65.080002,
BG,2023m5,THS_HD,2.6199999,p
CY,2023m5,THS_HD,1.51,
CZ,2023m5,THS_HD,20.129999,
DE,2023m5,THS_HD,241.71001,
EE,2023m5,THS_HD,2.4300001,
EL,2023m5,THS_HD,12.46,
ES,2023m5,THS_HD,230.37,
FI,2023m5,THS_HD,22.700001,
FR,2023m5,THS_HD,338.82001,p
HR,2023m5,THS_HD,13,
HU,2023m5,THS_HD,7.5900002,
IE,2023m5,THS_HD,153.83,
IT,2023m5,THS_HD,229.3,
LT,2023m5,THS_HD,13.86,
LU,2023m5,THS_HD,2.05,
LV,2023m5,THS_HD,5.8000002,
MT,2023m5,THS_HD,.36000001,
NL,2023m5,THS_HD,186.75,
PL,2023m5,THS_HD,150.95,
PT,2023m5,THS_HD,39.52,
RO,2023m5,THS_HD,11.2,p
SE,2023m5,THS_HD,35.889999,
SI,2023m5,THS_HD,9.3900003,
SK,2023m5,THS_HD,2.1900001,
DK,2023m5,THS_HD,36.200001,
AT,2023m6,THS_HD,48.18,
BE,2023m6,THS_HD,66.82,
BG,2023m6,THS_HD,2.5899999,p
CY,2023m6,THS_HD,1.3,
CZ,2023m6,THS_HD,18.450001,
DE,2023m6,THS_HD,239.22,
EE,2023m6,THS_HD,2.3199999,
EL,2023m6,THS_HD,13.22,
ES,2023m6,THS_HD,211.05,
FI,2023m6,THS_HD,21.26,
FR,2023m6,THS_HD,343.26999,p
HR,2023m6,THS_HD,13.2,
HU,2023m6,THS_HD,7.5599999,
IE,2023m6,THS_HD,148.92,
IT,2023m6,THS_HD,210.89,
LT,2023m6,THS_HD,12.91,
LU,2023m6,THS_HD,2.1900001,
LV,2023m6,THS_HD,5.8400002,
MT,2023m6,THS_HD,.31999999,
NL,2023m6,THS_HD,173.24001,p
PL,2023m6,THS_HD,147.22,
PT,2023m6,THS_HD,35.700001,
RO,2023m6,THS_HD,9.6700001,p
SE,2023m6,THS_HD,33.130001,
SI,2023m6,THS_HD,7.6599998,
SK,2023m6,THS_HD,2.02,
DK,2023m6,THS_HD,40.779999,
AT,2023m7,THS_HD,44.91,
BE,2023m7,THS_HD,55.68,
BG,2023m7,THS_HD,2.4200001,p
CY,2023m7,THS_HD,1.21,
CZ,2023m7,THS_HD,16.34,
DE,2023m7,THS_HD,222.14,
EE,2023m7,THS_HD,2.3699999,
EL,2023m7,THS_HD,13.14,
ES,2023m7,THS_HD,198.60001,
FI,2023m7,THS_HD,19.01,
FR,2023m7,THS_HD,302.04001,p
HR,2023m7,THS_HD,13.5,
HU,2023m7,THS_HD,7.1999998,
IE,2023m7,THS_HD,144.3,
IT,2023m7,THS_HD,193.85001,
LT,2023m7,THS_HD,13.17,
LU,2023m7,THS_HD,1.79,
LV,2023m7,THS_HD,6.4400001,
MT,2023m7,THS_HD,.33000001,
NL,2023m7,THS_HD,162.11,
PL,2023m7,THS_HD,114.54,
PT,2023m7,THS_HD,36.220001,
RO,2023m7,THS_HD,10.61,p
SE,2023m7,THS_HD,31.07,
SI,2023m7,THS_HD,6.6300001,
SK,2023m7,THS_HD,1.63,
DK,2023m7,THS_HD,33.189999,
AT,2023m8,THS_HD,47.669998,
BE,2023m8,THS_HD,63,
BG,2023m8,THS_HD,2.3199999,p
CY,2023m8,THS_HD,1.37,
CZ,2023m8,THS_HD,18.719999,
DE,2023m8,THS_HD,244.21001,
EE,2023m8,THS_HD,2.8199999,
EL,2023m8,THS_HD,13.16,
ES,2023m8,THS_HD,213.10001,
FI,2023m8,THS_HD,23.780001,
FR,2023m8,THS_HD,332.29001,p
HR,2023m8,THS_HD,14.4,
HU,2023m8,THS_HD,7.3400002,
IE,2023m8,THS_HD,162.14,
IT,2023m8,THS_HD,222.05,
LT,2023m8,THS_HD,12.08,
LU,2023m8,THS_HD,1.9299999,
LV,2023m8,THS_HD,6.6399999,
MT,2023m8,THS_HD,.28999999,
NL,2023m8,THS_HD,181.5,
PL,2023m8,THS_HD,153.62,
PT,2023m8,THS_HD,37.09,
RO,2023m8,THS_HD,11.56,p
SE,2023m8,THS_HD,39.5,
SI,2023m8,THS_HD,6.9099998,
SK,2023m8,THS_HD,1.8099999,
DK,2023m8,THS_HD,40.43,
AT,2023m9,THS_HD,50.299999,
BE,2023m9,THS_HD,65.230003,
BG,2023m9,THS_HD,2.5599999,p
CY,2023m9,THS_HD,1.72,
CZ,2023m9,THS_HD,18.290001,
DE,2023m9,THS_HD,254.39999,
EE,2023m9,THS_HD,2.6300001,
EL,2023m9,THS_HD,12.24,
ES,2023m9,THS_HD,206.5,
FI,2023m9,THS_HD,22.41,
FR,2023m9,THS_HD,325.19,p
HR,2023m9,THS_HD,13.6,
HU,2023m9,THS_HD,7.5100002,
IE,2023m9,THS_HD,152.64,
IT,2023m9,THS_HD,226.5,
LT,2023m9,THS_HD,12.47,
LU,2023m9,THS_HD,2.02,
LV,2023m9,THS_HD,6.3299999,
MT,2023m9,THS_HD,.28999999,
NL,2023m9,THS_HD,180.13,
PL,2023m9,THS_HD,147.81,
PT,2023m9,THS_HD,32.799999,
RO,2023m9,THS_HD,11.25,p
SE,2023m9,THS_HD,37.509998,
SI,2023m9,THS_HD,8.6300001,
SK,2023m9,THS_HD,2.04,
DK,2023m9,THS_HD,37.490002,
AT,2023m10,THS_HD,56.310001,
BE,2023m10,THS_HD,71.82,
BG,2023m10,THS_HD,3.28,p
CY,2023m10,THS_HD,1.9,
CZ,2023m10,THS_HD,21.559999,
DE,2023m10,THS_HD,272.51999,
EE,2023m10,THS_HD,2.7,
EL,2023m10,THS_HD,12.19,
ES,2023m10,THS_HD,214.00999,
FI,2023m10,THS_HD,24,
FR,2023m10,THS_HD,355.73001,p
HR,2023m10,THS_HD,14,
HU,2023m10,THS_HD,7.23,
IE,2023m10,THS_HD,174.86,
IT,2023m10,THS_HD,238.11,
LT,2023m10,THS_HD,14.89,
LU,2023m10,THS_HD,2.4000001,
LV,2023m10,THS_HD,7.2800002,
MT,2023m10,THS_HD,.38999999,
NL,2023m10,THS_HD,188.87,
PL,2023m10,THS_HD,158.17,
PT,2023m10,THS_HD,36.259998,
RO,2023m10,THS_HD,14.63,p
SE,2023m10,THS_HD,39.82,
SI,2023m10,THS_HD,11.4,
SK,2023m10,THS_HD,2.3299999,
DK,2023m10,THS_HD,39.389999,
AT,2023m11,THS_HD,61.330002,
BE,2023m11,THS_HD,67.709999,
BG,2023m11,THS_HD,3.23,p
CY,2023m11,THS_HD,1.79,
CZ,2023m11,THS_HD,22,
DE,2023m11,THS_HD,304.07001,
EE,2023m11,THS_HD,2.9100001,
EL,2023m11,THS_HD,11.12,
ES,2023m11,THS_HD,209.24001,
FI,2023m11,THS_HD,24.309999,
FR,2023m11,THS_HD,352.51001,p
HR,2023m11,THS_HD,13.4,
HU,2023m11,THS_HD,8.0900002,
IE,2023m11,THS_HD,181.63,
IT,2023m11,THS_HD,225.33,
LT,2023m11,THS_HD,14.02,
LU,2023m11,THS_HD,2.5599999,
LV,2023m11,THS_HD,7.1500001,
MT,2023m11,THS_HD,.31999999,
NL,2023m11,THS_HD,191.67,
PL,2023m11,THS_HD,150.03,
PT,2023m11,THS_HD,32.990002,
RO,2023m11,THS_HD,14.35,p
SE,2023m11,THS_HD,40.470001,
SI,2023m11,THS_HD,13.57,
SK,2023m11,THS_HD,2.3099999,
DK,2023m11,THS_HD,41.84,
AT,2023m12,THS_HD,53.049999,
BE,2023m12,THS_HD,68.230003,
BG,2023m12,THS_HD,3.5799999,p
CY,2023m12,THS_HD,1.79,
CZ,2023m12,THS_HD,19.18,
DE,2023m12,THS_HD,250.28999,
EE,2023m12,THS_HD,2.2,
EL,2023m12,THS_HD,12.46,
ES,2023m12,THS_HD,198.45,
FI,2023m12,THS_HD,20.309999,
FR,2023m12,THS_HD,320.31,
HR,2023m12,THS_HD,13.5,
HU,2023m12,THS_HD,6.9099998,
IE,2023m12,THS_HD,142.86,
IT,2023m12,THS_HD,224.03,
LT,2023m12,THS_HD,11.63,
LU,2023m12,THS_HD,2.01,
LV,2023m12,THS_HD,5.77,
MT,2023m12,THS_HD,.33000001,
NL,2023m12,THS_HD,185.66,
PL,2023m12,THS_HD,127.26,
PT,2023m12,THS_HD,31.23,
RO,2023m12,THS_HD,11.57,p
SE,2023m12,THS_HD,32.330002,
SI,2023m12,THS_HD,10.65,
SK,2023m12,THS_HD,1.89,
DK,2023m12,THS_HD,33.560001,
AT,2024m1,THS_HD,52.950001,
BE,2024m1,THS_HD,70.989998,
BG,2024m1,THS_HD,3.6800001,
CY,2024m1,THS_HD,2.0999999,
CZ,2024m1,THS_HD,19.969999,
DE,2024m1,THS_HD,254.62,
EE,2024m1,THS_HD,2.6199999,
EL,2024m1,THS_HD,12.45,
ES,2024m1,THS_HD,210.08,
FI,2024m1,THS_HD,22.98,
FR,2024m1,THS_HD,349.23001,p
HR,2024m1,THS_HD,12.4,
HU,2024m1,THS_HD,6.96,
IE,2024m1,THS_HD,166.06,
IT,2024m1,THS_HD,223.36,
LT,2024m1,THS_HD,12.56,
LU,2024m1,THS_HD,2.23,
LV,2024m1,THS_HD,6.3600001,
MT,2024m1,THS_HD,.34,
NL,2024m1,THS_HD,187.63,
PL,2024m1,THS_HD,174.14,
PT,2024m1,THS_HD,33.32,
RO,2024m1,THS_HD,11.4,p
SE,2024m1,THS_HD,37.189999,
SI,2024m1,THS_HD,8.9200001,
SK,2024m1,THS_HD,2.0599999,
DK,2024m1,THS_HD,36.279999,
AT,2024m2,THS_HD,48.599998,
BE,2024m2,THS_HD,62.439999,
BG,2024m2,THS_HD,3.1600001,
CY,2024m2,THS_HD,1.86,
CZ,2024m2,THS_HD,18.370001,
DE,2024m2,THS_HD,252.50999,
EE,2024m2,THS_HD,2.51,
EL,2024m2,THS_HD,11.15,
ES,2024m2,THS_HD,197.88,
FI,2024m2,THS_HD,21.43,
FR,2024m2,THS_HD,326.81,p
HR,2024m2,THS_HD,11.7,
HU,2024m2,THS_HD,6.25,
IE,2024m2,THS_HD,164.07001,
IT,2024m2,THS_HD,208.77,
LT,2024m2,THS_HD,13.17,
LU,2024m2,THS_HD,2.01,
LV,2024m2,THS_HD,5.5599999,
MT,2024m2,THS_HD,.31,
NL,2024m2,THS_HD,173.27,
PL,2024m2,THS_HD,177.42999,
PT,2024m2,THS_HD,29.950001,
RO,2024m2,THS_HD,11.85,p
SE,2024m2,THS_HD,35.849998,
SI,2024m2,THS_HD,8.0900002,
SK,2024m2,THS_HD,2.04,
DK,2024m2,THS_HD,33.849998,
AT,2024m3,THS_HD,50.889999,
BE,2024m3,THS_HD,67.510002,
BG,2024m3,THS_HD,2.97,
CY,2024m3,THS_HD,1.78,
CZ,2024m3,THS_HD,18.02,
DE,2024m3,THS_HD,256.89001,
EE,2024m3,THS_HD,2.3499999,
EL,2024m3,THS_HD,11.41,
ES,2024m3,THS_HD,198.81,
FI,2024m3,THS_HD,20.360001,
FR,2024m3,THS_HD,339.17999,p
HR,2024m3,THS_HD,13.3,
HU,2024m3,THS_HD,5.2600002,
IE,2024m3,THS_HD,153.14,
IT,2024m3,THS_HD,221.92999,
LT,2024m3,THS_HD,12.74,
LU,2024m3,THS_HD,2.0999999,
LV,2024m3,THS_HD,5.71,
MT,2024m3,THS_HD,.30000001,
NL,2024m3,THS_HD,187.17999,
PL,2024m3,THS_HD,183.88,
PT,2024m3,THS_HD,30.299999,
RO,2024m3,THS_HD,11.33,p
SE,2024m3,THS_HD,32.77,
SI,2024m3,THS_HD,9.1499996,
SK,2024m3,THS_HD,1.77,
DK,2024m3,THS_HD,32.189999,
AT,2024m4,THS_HD,51.939999,
BE,2024m4,THS_HD,69.620003,
BG,2024m4,THS_HD,2.5799999,
CY,2024m4,THS_HD,1.52,
CZ,2024m4,THS_HD,19.200001,
DE,2024m4,THS_HD,252.44,
EE,2024m4,THS_HD,2.5,
EL,2024m4,THS_HD,11.62,
ES,2024m4,THS_HD,212.85001,
FI,2024m4,THS_HD,22.02,
FR,2024m4,THS_HD,343.35999,
HR,2024m4,THS_HD,12.2,
HU,2024m4,THS_HD,7.9499998,
IE,2024m4,THS_HD,155.00999,
IT,2024m4,THS_HD,204.8,
LT,2024m4,THS_HD,12.84,
LU,2024m4,THS_HD,2.0799999,
LV,2024m4,THS_HD,5.5900002,
MT,2024m4,THS_HD,.37,
NL,2024m4,THS_HD,178.45,
PL,2024m4,THS_HD,176.56,
PT,2024m4,THS_HD,33.810001,
RO,2024m4,THS_HD,11.83,p
SE,2024m4,THS_HD,34.93,
SI,2024m4,THS_HD,9.5,
SK,2024m4,THS_HD,2.1400001,
DK,2024m4,THS_HD,38.139999,
AT,2024m5,THS_HD,48.950001,
BE,2024m5,THS_HD,68.620003,
BG,2024m5,THS_HD,2.47,
CY,2024m5,THS_HD,1.61,
CZ,2024m5,THS_HD,18.6,
DE,2024m5,THS_HD,238.39999,
EE,2024m5,THS_HD,2.3399999,
EL,2024m5,THS_HD,11.94,
ES,2024m5,THS_HD,224.00999,
FI,2024m5,THS_HD,22.48,
FR,2024m5,THS_HD,329.72,
HR,2024m5,THS_HD,13.5,
HU,2024m5,THS_HD,7.1900001,
IE,2024m5,THS_HD,150.92,
IT,2024m5,THS_HD,220.73,
LT,2024m5,THS_HD,12.38,
LU,2024m5,THS_HD,2.04,
LV,2024m5,THS_HD,5.7199998,
MT,2024m5,THS_HD,.28999999,
NL,2024m5,THS_HD,169.82001,
PL,2024m5,THS_HD,171.36,
PT,2024m5,THS_HD,37.380001,
RO,2024m5,THS_HD,10.01,p
SE,2024m5,THS_HD,34.330002,
SI,2024m5,THS_HD,8.2299995,
SK,2024m5,THS_HD,2.0699999,
DK,2024m5,THS_HD,36.389999,
AT,2024m6,THS_HD,43.130001,
BE,2024m6,THS_HD,63.16,
BG,2024m6,THS_HD,2.53,
CY,2024m6,THS_HD,1.27,
CZ,2024m6,THS_HD,16.33,
DE,2024m6,THS_HD,223.49001,
EE,2024m6,THS_HD,1.95,
EL,2024m6,THS_HD,11.31,
ES,2024m6,THS_HD,196.53999,
FI,2024m6,THS_HD,18.530001,
FR,2024m6,THS_HD,301.03,
HR,2024m6,THS_HD,12.4,
HU,2024m6,THS_HD,6.3099999,
IE,2024m6,THS_HD,127.64,
IT,2024m6,THS_HD,194.7,
LT,2024m6,THS_HD,9.7299995,
LU,2024m6,THS_HD,1.83,
LV,2024m6,THS_HD,4.5100002,
MT,2024m6,THS_HD,.27000001,
NL,2024m6,THS_HD,157.77,
PL,2024m6,THS_HD,171.02,
PT,2024m6,THS_HD,32.990002,
RO,2024m6,THS_HD,9.6999998,p
SE,2024m6,THS_HD,28.809999,
SI,2024m6,THS_HD,6.3600001,
SK,2024m6,THS_HD,1.64,
DK,2024m6,THS_HD,35.369999,
AT,2024m7,THS_HD,46.139999,
BE,2024m7,THS_HD,63.91,
BG,2024m7,THS_HD,2.4100001,
CY,2024m7,THS_HD,1.5700001,
CZ,2024m7,THS_HD,16.870001,
DE,2024m7,THS_HD,236.92999,
EE,2024m7,THS_HD,2.45,
EL,2024m7,THS_HD,12.26,
ES,2024m7,THS_HD,221.33,
FI,2024m7,THS_HD,22.040001,
FR,2024m7,THS_HD,325.01999,
HR,2024m7,THS_HD,14.1,
HU,2024m7,THS_HD,7.02,
IE,2024m7,THS_HD,157.67,
IT,2024m7,THS_HD,219.37,
LT,2024m7,THS_HD,12.87,
LU,2024m7,THS_HD,1.83,
LV,2024m7,THS_HD,5.4099998,
MT,2024m7,THS_HD,.34,
NL,2024m7,THS_HD,167.17,
PL,2024m7,THS_HD,175.86,
PT,2024m7,THS_HD,37.619999,
RO,2024m7,THS_HD,13.17,p
SE,2024m7,THS_HD,33.490002,
SI,2024m7,THS_HD,6.5999999,
SK,2024m7,THS_HD,1.87,
DK,2024m7,THS_HD,33.919998,
AT,2024m8,THS_HD,44.91,
BE,2024m8,THS_HD,68.870003,
BG,2024m8,THS_HD,2.0599999,
CY,2024m8,THS_HD,1.49,
CZ,2024m8,THS_HD,17.58,
DE,2024m8,THS_HD,236.47,
EE,2024m8,THS_HD,2.3099999,
EL,2024m8,THS_HD,11.83,
ES,2024m8,THS_HD,208.7,
FI,2024m8,THS_HD,22.15,
FR,2024m8,THS_HD,304.48001,
HR,2024m8,THS_HD,13.5,
HU,2024m8,THS_HD,7.21,
IE,2024m8,THS_HD,151.03999,
IT,2024m8,THS_HD,215.67999,
LT,2024m8,THS_HD,11.12,
LU,2024m8,THS_HD,1.77,
LV,2024m8,THS_HD,5.5700002,
MT,2024m8,THS_HD,.28999999,
NL,2024m8,THS_HD,168.92,
PL,2024m8,THS_HD,171.48,
PT,2024m8,THS_HD,34.57,
RO,2024m8,THS_HD,12.03,p
SE,2024m8,THS_HD,35.84,
SI,2024m8,THS_HD,6.23,
SK,2024m8,THS_HD,1.75,
DK,2024m8,THS_HD,36.639999,
AT,2024m9,THS_HD,51.07,
BE,2024m9,THS_HD,68.809998,
BG,2024m9,THS_HD,2.6800001,
CY,2024m9,THS_HD,1.84,
CZ,2024m9,THS_HD,19,
DE,2024m9,THS_HD,253.3,
EE,2024m9,THS_HD,2.53,
EL,2024m9,THS_HD,11.46,
ES,2024m9,THS_HD,208.60001,
FI,2024m9,THS_HD,22.65,
FR,2024m9,THS_HD,337.92001,
HR,2024m9,THS_HD,14.1,
HU,2024m9,THS_HD,7.3400002,
IE,2024m9,THS_HD,170.16,
IT,2024m9,THS_HD,226.91,
LT,2024m9,THS_HD,12.32,
LU,2024m9,THS_HD,2.0999999,
LV,2024m9,THS_HD,5.5999999,
MT,2024m9,THS_HD,.34,
NL,2024m9,THS_HD,171.89999,
PL,2024m9,THS_HD,169.31,
PT,2024m9,THS_HD,33.52,
RO,2024m9,THS_HD,12.58,p
SE,2024m9,THS_HD,37.490002,
SI,2024m9,THS_HD,8.7200003,
SK,2024m9,THS_HD,2.0799999,
DK,2024m9,THS_HD,37.290001,
AT,2024m10,THS_HD,58.59,
BE,2024m10,THS_HD,72.230003,
BG,2024m10,THS_HD,3.7,
CY,2024m10,THS_HD,1.84,
CZ,2024m10,THS_HD,20.67,
DE,2024m10,THS_HD,277.69,
EE,2024m10,THS_HD,3.0899999,
EL,2024m10,THS_HD,11.2,
ES,2024m10,THS_HD,212.64999,
FI,2024m10,THS_HD,25.860001,
FR,2024m10,THS_HD,369.89999,
HR,2024m10,THS_HD,14.6,
HU,2024m10,THS_HD,7.6599998,
IE,2024m10,THS_HD,187.61,
IT,2024m10,THS_HD,234.47,
LT,2024m10,THS_HD,15.95,
LU,2024m10,THS_HD,2.6500001,
LV,2024m10,THS_HD,6.52,
MT,2024m10,THS_HD,.40000001,
NL,2024m10,THS_HD,197.17999,
PL,2024m10,THS_HD,202.10001,
PT,2024m10,THS_HD,35.48,
RO,2024m10,THS_HD,15.87,p
SE,2024m10,THS_HD,43.43,
SI,2024m10,THS_HD,11.03,
SK,2024m10,THS_HD,2.3299999,
DK,2024m10,THS_HD,40.650002,
AT,2024m11,THS_HD,56.630001,
BE,2024m11,THS_HD,62.990002,
BG,2024m11,THS_HD,3.74,
CY,2024m11,THS_HD,1.85,
CZ,2024m11,THS_HD,21.1,
DE,2024m11,THS_HD,290.19,
EE,2024m11,THS_HD,2.4200001,
EL,2024m11,THS_HD,10.68,
ES,2024m11,THS_HD,192.27,
FI,2024m11,THS_HD,23.700001,
FR,2024m11,THS_HD,320.09,
HR,2024m11,THS_HD,13.4,
HU,2024m11,THS_HD,8.25,
IE,2024m11,THS_HD,174.49001,
IT,2024m11,THS_HD,210.36,
LT,2024m11,THS_HD,13.6,
LU,2024m11,THS_HD,2.29,
LV,2024m11,THS_HD,5.6900001,
MT,2024m11,THS_HD,.34,
NL,2024m11,THS_HD,170.67999,
PL,2024m11,THS_HD,182.95,
PT,2024m11,THS_HD,30.65,
RO,2024m11,THS_HD,17.07,p
SE,2024m11,THS_HD,39.540001,
SI,2024m11,THS_HD,12.56,
SK,2024m11,THS_HD,2.1300001,
DK,2024m11,THS_HD,39.639999,
AT,2024m12,THS_HD,55.139999,
BE,2024m12,THS_HD,70.080002,
BG,2024m12,THS_HD,3.95,p
CY,2024m12,THS_HD,1.79,
CZ,2024m12,THS_HD,18.57,
DE,2024m12,THS_HD,234.74001,
EE,2024m12,THS_HD,2.1500001,
EL,2024m12,THS_HD,11.17,
ES,2024m12,THS_HD,199.85001,
FI,2024m12,THS_HD,20.030001,
FR,2024m12,THS_HD,339.39999,
HR,2024m12,THS_HD,13.6,
HU,2024m12,THS_HD,7.4400001,
IE,2024m12,THS_HD,147.67999,
IT,2024m12,THS_HD,226.03999,
LT,2024m12,THS_HD,10.13,
LU,2024m12,THS_HD,2.1099999,
LV,2024m12,THS_HD,3.97,
MT,2024m12,THS_HD,.43000001,
NL,2024m12,THS_HD,179.52,
PL,2024m12,THS_HD,168.97,
PT,2024m12,THS_HD,32.82,
RO,2024m12,THS_HD,14.16,p
SE,2024m12,THS_HD,31.110001,
SI,2024m12,THS_HD,10.03,
SK,2024m12,THS_HD,1.71,
DK,2024m12,THS_HD,32.32,
AT,2025m1,THS_HD,49.52,
BE,2025m1,THS_HD,64.800003,
BG,2025m1,THS_HD,3.25,
CY,2025m1,THS_HD,2.01,
CZ,2025m1,THS_HD,19.860001,
DE,2025m1,THS_HD,259.84,
EE,2025m1,THS_HD,2.4400001,
EL,2025m1,THS_HD,11.43,
ES,2025m1,THS_HD,195.58,
FI,2025m1,THS_HD,23.07,
FR,2025m1,THS_HD,337.35001,
HR,2025m1,THS_HD,11.8,
HU,2025m1,THS_HD,8.6400003,
IE,2025m1,THS_HD,164.72,
IT,2025m1,THS_HD,219.28,b
LT,2025m1,THS_HD,11.47,
LU,2025m1,THS_HD,2.3499999,
LV,2025m1,THS_HD,5.0500002,
MT,2025m1,THS_HD,.37,
NL,2025m1,THS_HD,158.05,
PL,2025m1,THS_HD,190.00999,
PT,2025m1,THS_HD,30.280001,
RO,2025m1,THS_HD,13.84,p
SE,2025m1,THS_HD,33.779999,
SI,2025m1,THS_HD,7.6999998,
SK,2025m1,THS_HD,2.28,
DK,2025m1,THS_HD,38.220001,
AT,2025m2,THS_HD,45.830002,
BE,2025m2,THS_HD,58.07,
BG,2025m2,THS_HD,3.54,
CY,2025m2,THS_HD,1.75,
CZ,2025m2,THS_HD,17.26,
DE,2025m2,THS_HD,222.42999,
EE,2025m2,THS_HD,2.1600001,
EL,2025m2,THS_HD,11.28,
ES,2025m2,THS_HD,182.37,
FI,2025m2,THS_HD,18.5,
FR,2025m2,THS_HD,300.85001,
HR,2025m2,THS_HD,11.8,
HU,2025m2,THS_HD,7.54,
IE,2025m2,THS_HD,159.50999,
IT,2025m2,THS_HD,194.53999,
LT,2025m2,THS_HD,11.07,
LU,2025m2,THS_HD,2.0799999,
LV,2025m2,THS_HD,4.1900001,
MT,2025m2,THS_HD,.40000001,
NL,2025m2,THS_HD,148.45,
PL,2025m2,THS_HD,161.03999,
PT,2025m2,THS_HD,27.59,
RO,2025m2,THS_HD,13.31,p
SE,2025m2,THS_HD,28.280001,
SI,2025m2,THS_HD,7.3699999,
SK,2025m2,THS_HD,1.86,
DK,2025m2,THS_HD,31.6,
AT,2025m3,THS_HD,50.990002,
BE,2025m3,THS_HD,64.010002,
BG,2025m3,THS_HD,3.22,
CY,2025m3,THS_HD,1.52,
CZ,2025m3,THS_HD,18.34,
DE,2025m3,THS_HD,239.88,
EE,2025m3,THS_HD,2.2,
EL,2025m3,THS_HD,11.09,
ES,2025m3,THS_HD,190.34,
FI,2025m3,THS_HD,19.84,
FR,2025m3,THS_HD,328.04001,
HR,2025m3,THS_HD,12.4,
HU,2025m3,THS_HD,7.0900002,
IE,2025m3,THS_HD,158.37,
IT,2025m3,THS_HD,212.55,
LT,2025m3,THS_HD,11.65,
LU,2025m3,THS_HD,2.21,
LV,2025m3,THS_HD,4.6999998,
MT,2025m3,THS_HD,.38,
NL,2025m3,THS_HD,157.77,
PL,2025m3,THS_HD,185.25999,
PT,2025m3,THS_HD,28.9,
RO,2025m3,THS_HD,13.34,p
SE,2025m3,THS_HD,29.110001,
SI,2025m3,THS_HD,8.6499996,
SK,2025m3,THS_HD,1.59,
DK,2025m3,THS_HD,34.209999,
AT,2025m4,THS_HD,53.259998,
BE,2025m4,THS_HD,66.199997,
BG,2025m4,THS_HD,3.1300001,
CY,2025m4,THS_HD,1.38,
CZ,2025m4,THS_HD,19.139999,
DE,2025m4,THS_HD,227,
EE,2025m4,THS_HD,2.4300001,
EL,2025m4,THS_HD,11.45,
ES,2025m4,THS_HD,188.42,
FI,2025m4,THS_HD,19.370001,
FR,2025m4,THS_HD,338.48999,
HR,2025m4,THS_HD,13.2,
HU,2025m4,THS_HD,9.8100004,
IE,2025m4,THS_HD,159.41,
IT,2025m4,THS_HD,212.14999,
LT,2025m4,THS_HD,12.06,
LU,2025m4,THS_HD,2.3,
LV,2025m4,THS_HD,5.1599998,
MT,2025m4,THS_HD,.40000001,
NL,2025m4,THS_HD,162.67,
PL,2025m4,THS_HD,184.2,
PT,2025m4,THS_HD,30.120001,
RO,2025m4,THS_HD,12.99,p
SE,2025m4,THS_HD,29.879999,
SI,2025m4,THS_HD,8.6000004,
SK,2025m4,THS_HD,1.39,
DK,2025m4,THS_HD,32.98,
AT,2025m5,THS_HD,44.360001,
BE,2025m5,THS_HD,60.779999,
BG,2025m5,THS_HD,3.1700001,
CY,2025m5,THS_HD,1.53,
CZ,2025m5,THS_HD,17.4,
DE,2025m5,THS_HD,216.37,
EE,2025m5,THS_HD,2.23,
EL,2025m5,THS_HD,11.67,
ES,2025m5,THS_HD,204.78999,
FI,2025m5,THS_HD,17.42,
FR,2025m5,THS_HD,301.64001,
HR,2025m5,THS_HD,13.1,
HU,2025m5,THS_HD,8.5600004,
IE,2025m5,THS_HD,134.92,
IT,2025m5,THS_HD,212.37,
LT,2025m5,THS_HD,11.15,
LU,2025m5,THS_HD,1.98,
LV,2025m5,THS_HD,4.8400002,
MT,2025m5,THS_HD,.36000001,
NL,2025m5,THS_HD,154.67,
PL,2025m5,THS_HD,167.36,
PT,2025m5,THS_HD,31.040001,
RO,2025m5,THS_HD,12.51,p
SE,2025m5,THS_HD,30.110001,
SI,2025m5,THS_HD,7.5900002,
SK,2025m5,THS_HD,1.84,
DK,2025m5,THS_HD,36.279999,
AT,2025m6,THS_HD,43.880001,
BE,2025m6,THS_HD,60.59,
BG,2025m6,THS_HD,2.75,
CY,2025m6,THS_HD,1.36,
CZ,2025m6,THS_HD,16.370001,
DE,2025m6,THS_HD,197.41,
EE,2025m6,THS_HD,1.9299999,
EL,2025m6,THS_HD,11.99,
ES,2025m6,THS_HD,197.06,
FI,2025m6,THS_HD,18.120001,
FR,2025m6,THS_HD,308.82001,
HR,2025m6,THS_HD,12.5,
HU,2025m6,THS_HD,8.6899996,
IE,2025m6,THS_HD,129.25999,
IT,2025m6,THS_HD,196.97,
LT,2025m6,THS_HD,8.7700005,
LU,2025m6,THS_HD,1.9299999,
LV,2025m6,THS_HD,3.96,
MT,2025m6,THS_HD,.37,
NL,2025m6,THS_HD,148.32001,
PL,2025m6,THS_HD,162.09,
PT,2025m6,THS_HD,32.09,
RO,2025m6,THS_HD,14.46,p
SE,2025m6,THS_HD,28.82,
SI,2025m6,THS_HD,6.4000001,
SK,2025m6,THS_HD,1.62,
DK,2025m6,THS_HD,34.759998,
AT,2025m7,THS_HD,47.529999,
BE,2025m7,THS_HD,58.950001,
BG,2025m7,THS_HD,2.3499999,
CY,2025m7,THS_HD,1.47,
CZ,2025m7,THS_HD,16.76,
DE,2025m7,THS_HD,234.47,
EE,2025m7,THS_HD,2.3199999,
EL,2025m7,THS_HD,13.15,
ES,2025m7,THS_HD,214.75,
FI,2025m7,THS_HD,19.09,
FR,2025m7,THS_HD,316.84,
HR,2025m7,THS_HD,13.2,
HU,2025m7,THS_HD,9.2299995,
IE,2025m7,THS_HD,118.91,
IT,2025m7,THS_HD,215.56,
LT,2025m7,THS_HD,11.73,
LU,2025m7,THS_HD,1.85,
LV,2025m7,THS_HD,5.1999998,
MT,2025m7,THS_HD,.38,
NL,2025m7,THS_HD,157.23,
PL,2025m7,THS_HD,175.64999,
PT,2025m7,THS_HD,34.990002,
RO,2025m7,THS_HD,15.36,p
SE,2025m7,THS_HD,31.07,
SI,2025m7,THS_HD,6.6399999,
SK,2025m7,THS_HD,1.63,
DK,2025m7,THS_HD,33.080002,
AT,2025m8,THS_HD,42.240002,
BE,2025m8,THS_HD,59.689999,
BG,2025m8,THS_HD,2.28,
CY,2025m8,THS_HD,1.39,
CZ,2025m8,THS_HD,16.43,
DE,2025m8,THS_HD,198.46001,
EE,2025m8,THS_HD,1.9400001,
EL,2025m8,THS_HD,12.79,
ES,2025m8,THS_HD,194.31,
FI,2025m8,THS_HD,18.99,
FR,2025m8,THS_HD,281,
HR,2025m8,THS_HD,12.1,
HU,2025m8,THS_HD,8.1199999,
IE,2025m8,THS_HD,115.4,
IT,2025m8,THS_HD,202.23,
LT,2025m8,THS_HD,9.1400003,
LU,2025m8,THS_HD,1.8200001,
LV,2025m8,THS_HD,4.9200001,
MT,2025m8,THS_HD,.34999999,
NL,2025m8,THS_HD,145.14,
PL,2025m8,THS_HD,140.52,
PT,2025m8,THS_HD,31.440001,
RO,2025m8,THS_HD,13.63,p
SE,2025m8,THS_HD,30.690001,
SI,2025m8,THS_HD,5.8499999,
SK,2025m8,THS_HD,1.55,
DK,2025m8,THS_HD,33.73,
AT,2025m9,THS_HD,48.470001,
BE,2025m9,THS_HD,62.599998,
BG,2025m9,THS_HD,3.49,
CY,2025m9,THS_HD,1.78,
CZ,2025m9,THS_HD,18.66,
DE,2025m9,THS_HD,245.39,
EE,2025m9,THS_HD,2.3399999,
EL,2025m9,THS_HD,13.06,
ES,2025m9,THS_HD,206.34,
FI,2025m9,THS_HD,22.290001,
FR,2025m9,THS_HD,329.81,
HR,2025m9,THS_HD,13.2,
HU,2025m9,THS_HD,8.21,
IE,2025m9,THS_HD,136.3,
IT,2025m9,THS_HD,221.42999,
LT,2025m9,THS_HD,10.96,
LU,2025m9,THS_HD,2.02,
LV,2025m9,THS_HD,4.98,
MT,2025m9,THS_HD,.38,
NL,2025m9,THS_HD,171.42,
PL,2025m9,THS_HD,175.73,
PT,2025m9,THS_HD,32.32,
RO,2025m9,THS_HD,15.89,p
SE,2025m9,THS_HD,36.689999,
SI,2025m9,THS_HD,8.5,
SK,2025m9,THS_HD,1.9400001,
DK,2025m9,THS_HD,37.59,
