unit,unit_key,first_valid,last_missing
1,Austria|Azerbaijan,2010m1,
2,Austria|Bosnia and Herzegovina,2010m1,
3,Austria|China,2010m1,
4,Austria|Hong Kong,2010m1,
5,Austria|Iceland,2010m1,
6,Austria|Liechtenstein,2010m1,
7,Austria|New Zealand,2010m1,
8,Austria|North Macedonia,2010m1,
9,Austria|Norway,2010m1,
10,Austria|Serbia,2010m1,
11,Austria|Switzerland,2010m1,
12,Austria|United Kingdom,2010m1,
13,Austria|United States of America,2010m1,
14,Belgium|Albania,2010m1,
15,Belgium|Angola,2010m1,
16,Belgium|Argentina,2010m1,
17,Belgium|Australia,2010m1,
18,Belgium|Belarus,2010m1,
19,Belgium|Benin,2010m1,
20,Belgium|Brazil,2010m1,
21,Belgium|Burkina Faso,2010m1,
22,Belgium|Cambodia,2010m1,
23,Belgium|Canada,2010m1,
24,Belgium|Chile,2010m1,
25,Belgium|China,2010m1,
26,Belgium|Ghana,2010m1,
27,Belgium|Hong Kong,2010m1,
28,Belgium|Iceland,2010m1,
29,Belgium|Indonesia,2010m1,
30,Belgium|Iran (Islamic Republic of),2010m1,
31,Belgium|Japan,2010m1,
32,Belgium|Kazakhstan,2010m1,
33,Belgium|Korea (Republic of),2010m1,
34,Belgium|Liberia,2010m1,
35,Belgium|Maldives,2010m1,
36,Belgium|Namibia,2010m1,
37,Belgium|Nepal,2010m1,
38,Belgium|New Zealand,2010m1,
39,Belgium|Nigeria,2010m1,
40,Belgium|North Macedonia,2010m1,
41,Belgium|Norway,2010m1,
42,Belgium|Pakistan,2010m1,
43,Belgium|Philippines,2010m1,
44,Belgium|Russia,2010m1,
45,Belgium|Rwanda,2010m1,
46,Belgium|Senegal,2010m1,
47,Belgium|Singapore,2010m1,
48,Belgium|South Africa,2010m1,
49,Belgium|Switzerland,2010m1,
50,Belgium|Tanzania,2010m1,
51,Belgium|Thailand,2010m1,
52,Belgium|Togo,2010m1,
53,Belgium|Türkiye,2010m1,
54,Belgium|United Kingdom,2010m1,
55,Belgium|United States of America,2010m1,
56,Belgium|Uruguay,2010m1,
57,Belgium|Vietnam,2010m1,
58,Bulgaria|Albania,2010m1,
59,Bulgaria|Argentina,2010m1,
60,Bulgaria|Japan,2010m1,
61,Bulgaria|New Zealand,2010m1,
62,Bulgaria|North Macedonia,2010m1,
63,Bulgaria|Norway,2010m1,
64,Bulgaria|Serbia,2010m1,
65,Bulgaria|United Kingdom,2010m1,
66,Bulgaria|United States of America,2010m1,
67,Croatia|Countries and territories not specified within the framework of trade wi,2010m1,
68,Croatia|Serbia,2010m1,
69,Cyprus|Argentina,2010m1,
70,Cyprus|Botswana,2010m1,
71,Cyprus|Brazil,2010m1,
72,Cyprus|Namibia,2010m1,
73,Cyprus|New Zealand,2010m1,
74,Cyprus|Taiwan,2010m1,
75,Cyprus|United Kingdom,2010m1,
76,Czechia|Australia,2010m1,
77,Czechia|Botswana,2010m1,
78,Czechia|China,2010m1,
79,Czechia|Israel,2010m1,
80,Czechia|Japan,2010m1,
81,Czechia|New Zealand,2010m1,
82,Czechia|North Macedonia,2010m1,
83,Czechia|Norway,2010m1,
84,Czechia|Saudi Arabia,2010m1,
85,Czechia|Serbia,2010m1,
86,Czechia|Switzerland,2010m1,
87,Czechia|United Kingdom,2010m1,
88,Czechia|Vietnam,2010m1,
89,Denmark|Argentina,2010m1,
90,Denmark|Australia,2010m1,
91,Denmark|Botswana,2010m1,
92,Denmark|Brazil,2010m1,
93,Denmark|Chile,2010m1,
94,Denmark|Countries and territories not specified within the framework of trade wi,2010m1,
95,Denmark|Greenland,2010m1,
96,Denmark|Iceland,2010m1,
97,Denmark|Indonesia,2010m1,
98,Denmark|Japan,2010m1,
99,Denmark|New Zealand,2010m1,
100,Denmark|Norway,2010m1,
101,Denmark|Taiwan,2010m1,
102,Denmark|United Kingdom,2010m1,
103,Denmark|United States of America,2010m1,
104,Denmark|Uruguay,2010m1,
105,"Denmark|Virgin Islands, British",2010m1,
106,Estonia|New Zealand,2010m1,
107,Estonia|Norway,2010m1,
108,Estonia|United Kingdom,2010m1,
109,Estonia|United States of America,2010m1,
110,Finland|Brazil,2010m1,
111,Finland|Namibia,2010m1,
112,Finland|Norway,2010m1,
113,Finland|Singapore,2010m1,
114,Finland|United Kingdom,2010m1,
115,Finland|United States of America,2010m1,
116,Finland|Uruguay,2010m1,
117,Finland|Zambia,2010m1,
118,France|Andorra,2010m1,
119,France|Argentina,2010m1,
120,France|Australia,2010m1,
121,France|Brazil,2010m1,
122,France|Canada,2010m1,
123,France|Chile,2010m1,
124,France|Countries and territories not specified within the framework of trade wit,2010m1,
125,France|French Polynesia,2010m1,
126,France|Iceland,2010m1,
127,France|Japan,2010m1,
128,France|Kenya,2010m1,
129,France|Malaysia,2010m1,
130,France|Mexico,2010m1,
131,France|Montenegro,2010m1,
132,France|Morocco,2010m1,
133,France|New Caledonia,2010m1,
134,France|New Zealand,2010m1,
135,France|North Macedonia,2010m1,
136,France|Norway,2010m1,
137,France|Paraguay,2010m1,
138,France|Senegal,2010m1,
139,France|Serbia,2010m1,
140,France|South Africa,2010m1,
141,France|St Pierre and Miquelon,2010m1,
142,France|Switzerland,2010m1,
143,France|Tunisia,2010m1,
144,France|Türkiye,2010m1,
145,France|United Arab Emirates,2010m1,
146,France|United Kingdom,2010m1,
147,France|United States of America,2010m1,
148,France|Uruguay,2010m1,
149,Germany|Argentina,2010m1,
150,Germany|Australia,2010m1,
151,Germany|Brazil,2010m1,
152,Germany|Canada,2010m1,
153,Germany|Chile,2010m1,
154,Germany|Japan,2010m1,
155,Germany|Montenegro,2010m1,
156,Germany|Namibia,2010m1,
157,Germany|New Zealand,2010m1,
158,Germany|North Macedonia,2010m1,
159,Germany|Norway,2010m1,
160,Germany|Paraguay,2010m1,
161,Germany|Serbia,2010m1,
162,Germany|Switzerland,2010m1,
163,Germany|Türkiye,2010m1,
164,Germany|United Kingdom,2010m1,
165,Germany|United States of America,2010m1,
166,Germany|Uruguay,2010m1,
167,Greece|Albania,2010m1,
168,Greece|Argentina,2010m1,
169,Greece|Botswana,2010m1,
170,Greece|Brazil,2010m1,
171,Greece|Japan,2010m1,
172,Greece|Namibia,2010m1,
173,Greece|New Zealand,2010m1,
174,Greece|Serbia,2010m1,
175,Greece|Ukraine,2010m1,
176,Greece|United Kingdom,2010m1,
177,Greece|Uruguay,2010m1,
178,Hungary|Argentina,2010m1,
179,Hungary|Australia,2010m1,
180,Hungary|China,2010m1,
181,Hungary|Japan,2010m1,
182,Hungary|New Zealand,2010m1,
183,Hungary|Nigeria,2010m1,
184,Hungary|Serbia,2010m1,
185,Hungary|Switzerland,2010m1,
186,Hungary|United Kingdom,2010m1,
187,Hungary|United States of America,2010m1,
188,Ireland|Australia,2010m1,
189,Ireland|Brazil,2010m1,
190,Ireland|Canada,2010m1,
191,Ireland|China,2010m1,
192,Ireland|Countries and territories not specified within the framework of trade wi,2010m1,
193,Ireland|Hong Kong,2010m1,
194,Ireland|Iceland,2010m1,
195,Ireland|India,2010m1,
196,Ireland|Japan,2010m1,
197,Ireland|Korea (Republic of),2010m1,
198,Ireland|Macao,2010m1,
199,Ireland|Mexico,2010m1,
200,Ireland|Morocco,2010m1,
201,Ireland|New Zealand,2010m1,
202,Ireland|Nigeria,2010m1,
203,Ireland|Norway,2010m1,
204,Ireland|Philippines,2010m1,
205,Ireland|Qatar,2010m1,
206,Ireland|Russia,2010m1,
207,Ireland|Singapore,2010m1,
208,Ireland|South Africa,2010m1,
209,Ireland|Switzerland,2010m1,
210,Ireland|Thailand,2010m1,
211,Ireland|Türkiye,2010m1,
212,Ireland|Ukraine,2010m1,
213,Ireland|United Arab Emirates,2010m1,
214,Ireland|United Kingdom,2010m1,
215,Ireland|United States of America,2010m1,
216,Ireland|Vietnam,2010m1,
217,Italy|Argentina,2010m1,
218,Italy|Australia,2010m1,
219,Italy|Botswana,2010m1,
220,Italy|Brazil,2010m1,
221,Italy|Canada,2010m1,
222,Italy|Japan,2010m1,
223,Italy|Namibia,2010m1,
224,Italy|New Zealand,2010m1,
225,Italy|Norway,2010m1,
226,Italy|Paraguay,2010m1,
227,Italy|Serbia,2010m1,
228,Italy|Switzerland,2010m1,
229,Italy|United Arab Emirates,2010m1,
230,Italy|United Kingdom,2010m1,
231,Italy|United States of America,2010m1,
232,Italy|Uruguay,2010m1,
233,Latvia|Norway,2010m1,
234,Latvia|United Kingdom,2010m1,
235,Lithuania|Armenia,2010m1,
236,Lithuania|Norway,2010m1,
237,Lithuania|Ukraine,2010m1,
238,Lithuania|United Kingdom,2010m1,
239,Luxembourg|Canada,2010m1,
240,Luxembourg|China,2010m1,
241,Luxembourg|Switzerland,2010m1,
242,Luxembourg|United States of America,2010m1,
243,Malta|Argentina,2010m1,
244,Malta|Brazil,2010m1,
245,Malta|Canada,2010m1,
246,Malta|Iceland,2010m1,
247,Malta|Japan,2010m1,
248,Malta|Lebanon,2010m1,
249,Malta|Malaysia,2010m1,
250,Malta|Namibia,2010m1,
251,Malta|Russia,2010m1,
252,Malta|United Kingdom,2010m1,
253,Malta|United States of America,2010m1,
254,Malta|Vietnam,2010m1,
255,Netherlands|Argentina,2010m1,
256,Netherlands|Australia,2010m1,
257,Netherlands|Botswana,2010m1,
258,Netherlands|Brazil,2010m1,
259,Netherlands|Canada,2010m1,
260,Netherlands|Chile,2010m1,
261,Netherlands|China,2010m1,
262,Netherlands|Ecuador,2010m1,
263,Netherlands|Iceland,2010m1,
264,Netherlands|Japan,2010m1,
265,Netherlands|Korea (Republic of),2010m1,
266,Netherlands|Kosovo,2010m1,
267,Netherlands|Namibia,2010m1,
268,Netherlands|New Zealand,2010m1,
269,Netherlands|Norway,2010m1,
270,Netherlands|Paraguay,2010m1,
271,Netherlands|Swaziland,2010m1,
272,Netherlands|Switzerland,2010m1,
273,Netherlands|Taiwan,2010m1,
274,Netherlands|Tanzania,2010m1,
275,Netherlands|Türkiye,2010m1,
276,Netherlands|Uganda,2010m1,
277,Netherlands|United Arab Emirates,2010m1,
278,Netherlands|United Kingdom,2010m1,
279,Netherlands|United States of America,2010m1,
280,Netherlands|Uruguay,2010m1,
281,Poland|Australia,2010m1,
282,Poland|Botswana,2010m1,
283,Poland|Countries and territories not specified within the framework of trade wit,2010m1,
284,Poland|Japan,2010m1,
285,Poland|New Zealand,2010m1,
286,Poland|Norway,2010m1,
287,Poland|Russia,2010m1,
288,Poland|United Kingdom,2010m1,
289,Poland|United States of America,2010m1,
290,Portugal|Argentina,2010m1,
291,Portugal|Australia,2010m1,
292,Portugal|Bermuda,2010m1,
293,Portugal|Botswana,2010m1,
294,Portugal|Brazil,2010m1,
295,Portugal|Chile,2010m1,
296,Portugal|China,2010m1,
297,Portugal|Colombia,2010m1,
298,Portugal|Dominican Republic,2010m1,
299,Portugal|Guatemala,2010m1,
300,Portugal|Japan,2010m1,
301,Portugal|Kenya,2010m1,
302,Portugal|Korea (Republic of),2010m1,
303,Portugal|Macao,2010m1,
304,Portugal|Mexico,2010m1,
305,Portugal|New Zealand,2010m1,
306,Portugal|Norway,2010m1,
307,Portugal|Panama,2010m1,
308,Portugal|Paraguay,2010m1,
309,Portugal|Philippines,2010m1,
310,Portugal|Taiwan,2010m1,
311,Portugal|Türkiye,2010m1,
312,Portugal|United Arab Emirates,2010m1,
313,Portugal|United Kingdom,2010m1,
314,Portugal|United States of America,2010m1,
315,Portugal|Uruguay,2010m1,
316,Romania|Argentina,2010m1,
317,Romania|Brazil,2010m1,
318,Romania|Japan,2010m1,
319,Romania|Kosovo,2010m1,
320,Romania|Norway,2010m1,
321,Romania|Serbia,2010m1,
322,Romania|Switzerland,2010m1,
323,Romania|United Kingdom,2010m1,
324,Romania|United States of America,2010m1,
325,Romania|Uruguay,2010m1,
326,Slovakia|Australia,2010m1,
327,Slovakia|Serbia,2010m1,
328,Slovakia|United Kingdom,2010m1,
329,Slovakia|United States of America,2010m1,
330,Slovenia|Bosnia and Herzegovina,2010m1,
331,Slovenia|Brazil,2010m1,
332,Slovenia|China,2010m1,
333,Slovenia|Japan,2010m1,
334,Slovenia|Montenegro,2010m1,
335,Slovenia|North Macedonia,2010m1,
336,Slovenia|Paraguay,2010m1,
337,Slovenia|Serbia,2010m1,
338,Slovenia|United Kingdom,2010m1,
339,Spain|Algeria,2010m1,
340,Spain|Andorra,2010m1,
341,Spain|Argentina,2010m1,
342,Spain|Australia,2010m1,
343,Spain|Brazil,2010m1,
344,Spain|Canada,2010m1,
345,Spain|Chile,2010m1,
346,Spain|Colombia,2010m1,
347,Spain|Guatemala,2010m1,
348,Spain|Indonesia,2010m1,
349,Spain|Japan,2010m1,
350,Spain|Morocco,2010m1,
351,Spain|New Zealand,2010m1,
352,Spain|Norway,2010m1,
353,Spain|Paraguay,2010m1,
354,Spain|Switzerland,2010m1,
355,Spain|Türkiye,2010m1,
356,Spain|United Arab Emirates,2010m1,
357,Spain|United Kingdom,2010m1,
358,Spain|United States of America,2010m1,
359,Spain|Uruguay,2010m1,
360,Spain|Vietnam,2010m1,
361,Sweden|Argentina,2010m1,
362,Sweden|Azerbaijan,2010m1,
363,Sweden|Brazil,2010m1,
364,Sweden|Canada,2010m1,
365,Sweden|China,2010m1,
366,Sweden|Ethiopia,2010m1,
367,Sweden|Iceland,2010m1,
368,Sweden|India,2010m1,
369,Sweden|Japan,2010m1,
370,Sweden|Korea (Republic of),2010m1,
371,Sweden|Namibia,2010m1,
372,Sweden|New Zealand,2010m1,
373,Sweden|North Macedonia,2010m1,
374,Sweden|Norway,2010m1,
375,Sweden|Russia,2010m1,
376,Sweden|Serbia,2010m1,
377,Sweden|Switzerland,2010m1,
378,Sweden|Taiwan,2010m1,
379,Sweden|Thailand,2010m1,
380,Sweden|Türkiye,2010m1,
381,Sweden|United Kingdom,2010m1,
382,Sweden|United States of America,2010m1,
383,Sweden|Uruguay,2010m1,
