month,synthetic,treated,gap,synthetic_aligned,sq_full,sq_recent
2010m1,1.129601058876945,1.334129750839151,.2045286919622062,1.247719947018543,.007466654196316,
2010m2,1.088173202132896,1.112060798653174,.0238875965202787,1.206292090274494,.0088795363206221,
2010m3,1.244954940969268,1.477021856315173,.2320669153459043,1.363073829110866,.0129841529037533,
2010m4,1.216133786992496,1.339874460437541,.1237406734450455,1.334252675134094,.0000316044699981,
2010m5,1.195721381818724,1.410887718951824,.2151663371330998,1.313840269960322,.0094182073557581,
2010m6,1.230870491450356,1.403955294666988,.1730848032166319,1.348989379591954,.0030212518200358,
2010m7,1.103704677769839,1.24233532654578,.1386306487759412,1.221823565911437,.0004207323243206,
2010m8,1.198435491911419,1.438044409003246,.2396089170918267,1.316554380053017,.0147598271343274,
2010m9,1.166042907641136,1.539125668013007,.37308276037187,1.284161795782734,.0650065761426544,
2010m10,1.202753312843854,1.298321681958992,.0955683691151379,1.320872200985452,.0005085259083627,
2010m11,1.207418440586265,1.417465757407522,.2100473168212573,1.325537328727863,.0084508359995112,
2010m12,1.167352743355718,1.022893063961635,-.1444596793940824,1.285471631497316,.0689475041290899,
2011m1,1.104127670144658,1.302646515766148,.1985188456214897,1.222246558286256,.0064641531627684,
2011m2,1.131075723835959,1.332119899150301,.2010441753143413,1.249194611977557,.0068766032526819,
2011m3,1.245448838336973,1.329975378064876,.0845265397279031,1.363567726478571,.0011284458719471,
2011m4,1.220617055749512,1.481633758107487,.2610167023579746,1.33873594389111,.020419785307818,
2011m5,1.251260801191042,1.576533200513924,.3252723993228828,1.36937968933264,.0429125771947346,
2011m6,1.274565720314759,1.40941484203239,.1348491217176313,1.392684608456357,.0002799007155086,
2011m7,1.140079237755726,1.526052707799285,.3859734700435593,1.258198125897324,.0717460770458744,
2011m8,1.186719315230056,1.393012824258624,.206293509028568,1.304838203371654,.0077747637685609,
2011m9,1.223768090921875,1.543441909214186,.3196738182923111,1.341886979063473,.0406243898680588,
2011m10,1.17059438377497,1.393863110207232,.2232687264322617,1.288713271916568,.0110564884925527,
2011m11,1.149704131126889,1.038824967372335,-.1108791637545541,1.267823019268487,.0524401077722328,
2011m12,1.058638628109164,1.116701720226745,.0580630921175811,1.176757516250762,.0036066986360783,
2012m1,1.062774853133841,.8741276889613264,-.1886471641725148,1.180893741275439,.0941054108523851,
2012m2,1.063055247401531,1.346447997387407,.2833927499858762,1.181174135543129,.0273154494089215,
2012m3,1.139980627754823,1.431543996216459,.2915633684616359,1.258099515896421,.030082987753488,
2012m4,1.140450666340352,1.305005153676061,.1645544873357094,1.25856955448195,.0021562648725162,
2012m5,1.20768836826902,1.3209641128091,.11327574454008,1.325807256410618,.0000234560399449,
2012m6,1.135051123330476,1.524738711261741,.3896875879312647,1.253170011472074,.0737495587054501,
2012m7,1.160710026239911,1.401377461564986,.2406674353250751,1.278828914381509,.0150181464167809,
2012m8,1.150299741552314,1.150935150932086,.0006354093797727,1.268418629693912,.0138023677819803,
2012m9,1.093855431156239,1.251090169707752,.1572347385515127,1.211974319297837,.0015300497532908,
2012m10,1.128998722141537,1.20659638816493,.0775976660233928,1.247117610283135,.0016419694419529,
2012m11,1.045667524566494,.7571696468291382,-.2884978777373557,1.163786412708092,.1653371942938599,
2012m12,.9331092318905184,.8160681533107026,-.1170410785798158,1.051228120032117,.0553002099484165,
2013m1,1.048288355182732,1.133819438333791,.0855310831510598,1.16640724332433,.0010619650341013,
2013m2,1.055844521284567,1.147835939641592,.0919914183570252,1.173963409426165,.0006826446773438,
2013m3,1.101752054481438,1.211835116949135,.1100830624676967,1.219870942623036,.0000645744942613,
2013m4,1.131748166064432,1.459677784223637,.3279296181592051,1.24986705420603,.0440205424305212,
2013m5,1.133868464877849,1.331740859978245,.197872395100396,1.251987353019447,.006360621872227,
2013m6,1.111363412507373,1.401917395711491,.2905539832041171,1.229482300648971,.02973386200922,
2013m7,1.063841914174004,1.353612577658907,.2897706634849035,1.181960802315602,.0294643319785086,
2013m8,1.104044709188189,.9778915378057234,-.1261531713824655,1.222163597329787,.0596688390641277,
2013m9,1.06490931601839,1.420690551706758,.3557812356883681,1.183028204159988,.0564833914414417,
2013m10,1.144067964082356,1.264763162885073,.1206951988027172,1.262186852223954,6.63737662260e-06,
2013m11,1.144054184412527,1.12724121964297,-.0168129647695567,1.262173072554125,.0182066049300375,
2013m12,1.012007953479644,1.03110257183331,.019094618353666,1.130126841621242,.0098058060070332,
2014m1,1.093519186817975,.934485002785453,-.1590341840325218,1.211638074959573,.0768138254155529,
2014m2,1.057551710227059,.991389052143422,-.0661626580836371,1.175670598368657,.0339596882791635,
2014m3,1.184072462821288,1.382951047850528,.1988785850292401,1.302191350962886,.0065221286413838,
2014m4,1.122090831010792,1.244815777731395,.1227249467206031,1.24020971915239,.0000212157756332,
2014m5,1.210971240001903,1.295057074570565,.0840858345686624,1.329090128143501,.0011582487354983,
2014m6,1.198282783094761,1.288196076982256,.0899132938874947,1.316401671236359,.0007955555472271,
2014m7,1.157434447946805,1.186934416795435,.0294999688486306,1.275553336088403,.0078533128566535,
2014m8,1.167779443094922,1.236772057076967,.0689926139820454,1.28589833123652,.0024133908127995,
2014m9,1.140100641828606,1.384053588292829,.2439529464642229,1.258219529970204,.0158342102339417,
2014m10,1.190294840008833,1.38410561784253,.1938107778336975,1.308413728150431,.0057292621651609,
2014m11,1.096364355591979,1.120001917311302,.0236375617193227,1.214483243733577,.0089267210425125,
2014m12,1.034724637244077,1.314421109035689,.2796964717916113,1.152843525385675,.026107315538177,
2015m1,.9950127126459115,1.394455285683138,.3994425730372263,1.11313160078751,.0791430156832547,
2015m2,.9938681568412546,1.065624174506546,.0717560176652918,1.111987044982853,.0021495157588028,
2015m3,1.102512664229629,1.327539167857633,.2250265036280032,1.220631552371227,.0114292382489891,
2015m4,1.091436144866382,1.121141789636512,.0297056447701294,1.20955503300798,.0078169016034626,
2015m5,1.072091880353345,1.365649644301065,.2935577639477192,1.190210768494943,.0307787991441156,
2015m6,1.113580672762291,1.337640643371289,.2240599706089985,1.231699560903889,.0112235129543645,
2015m7,1.084019469272698,1.093548527139361,.0095290578666631,1.202138357414296,.0117917512391392,
2015m8,1.060473056522639,1.223405482721826,.1629324261991876,1.178591944664237,.002008253193239,
2015m9,1.08076854149873,1.001349633352532,-.0794189081461985,1.198887429640328,.039021180962239,
2015m10,1.083442519904472,1.211751393686626,.1283088737821541,1.20156140804607,.0001038358073547,
2015m11,1.106308185727267,1.017279250459584,-.0890289352676825,1.224427073868865,.0429102207432025,
2015m12,1.094513647801564,1.108438209445474,.0139245616439092,1.212632535943162,.010856457674307,
2016m1,1.097078954763349,.98759316845571,-.1094857863076388,1.215197842904947,.0518038878311431,
2016m2,1.128681578154989,1.100106466104249,-.0285751120507396,1.246800466296587,.0215191296924296,
2016m3,1.141585463818413,1.082667147791563,-.0589183160268496,1.259704351960011,.0313421716597806,
2016m4,1.150656674556385,1.161963216720145,.0113065421637599,1.268775562697983,.0114088772532894,
2016m5,1.116932072778638,1.149341492110736,.0324094193320974,1.235050960920236,.0073461130436068,
2016m6,1.113979533321894,1.115886420152187,.0019068868302938,1.232098421463492,.0135052292487786,
2016m7,1.069899801343087,1.187135597487955,.1172357961448682,1.188018689484685,7.79851474688e-07,
2016m8,1.121156838888922,1.044332730120966,-.076824108767956,1.23927572703052,.0380027720440784,
2016m9,1.076521930135866,.9979723265175272,-.0785496036183387,1.194640818277464,.0386784956511283,
2016m10,1.107580281452352,1.218064227912486,.1104839464601344,1.22569916959395,.0000582923344794,
2016m11,1.13645887392579,1.005123083609692,-.1313357903160983,1.254577762067388,.0622276366044327,
2016m12,1.114820806964963,1.158262685355959,.0434418783909958,1.232939695106561,.0055766557852916,
2017m1,1.025985853299177,1.001449412712513,-.0245364405866635,1.144104741440775,.0203505428145684,
2017m2,.9814759367957716,1.044169890202972,.0626939534072003,1.09959482493737,.0030719233903123,
2017m3,1.042305345947308,1.314579523466909,.2722741775196018,1.160424234088905,.0237638532432161,
2017m4,1.052073046978461,1.046120222961366,-.0059528240170952,1.170191935120059,.0153937897579896,
2017m5,1.108646692724145,1.116989365103295,.0083426723791507,1.226765580865743,.0120508175471234,
2017m6,1.051350171696657,1.062995008477125,.0116448367804682,1.169469059838255,.0113367236132525,
2017m7,1.131519531001812,1.080174351348335,-.0513451796534774,1.24963841914341,.0287180702736539,
2017m8,1.138031925990371,1.206990605232974,.0689586792426029,1.256150814131969,.0024167261389928,
2017m9,1.054145515493361,1.165847325065725,.1117018095723648,1.172264403634959,.0000411788973637,
2017m10,1.187363486961555,1.30770906964786,.1203455826863049,1.305482375103153,4.95816859543e-06,
2017m11,1.118731954515501,1.30616747327384,.1874355187583394,1.236850842657099,.0048047952800578,
2017m12,1.038258240369713,1.257194561492462,.2189363211227489,1.156377128511311,.0101641547929088,
2018m1,1.129296325620835,1.309862537144132,.1805662115232969,1.247415213762433,.0038996681975385,
2018m2,1.038269072307344,1.215168066435476,.1768989941281318,1.156387960448942,.0034551008597881,
2018m3,1.067018347178428,1.583955118057467,.5169367708790384,1.185137235320026,.1590557035911747,
2018m4,1.179435441751771,1.462884843952403,.2834494022006322,1.297554329893368,.0273341788790245,
2018m5,1.133306959918315,1.288412348166468,.1551053882481532,1.251425848059913,.0013680011901322,
2018m6,1.129792617160149,1.298513530977815,.1687209138176657,1.247911505301747,.0025605650025214,
2018m7,1.16228165532525,1.482003977766007,.3197223224407568,1.280400543466848,.0406439447212152,
2018m8,1.161834755723083,.8881223188304919,-.2737124368925914,1.279953643864681,.1535317872780486,
2018m9,1.082055597136032,1.320695239898745,.2386396427627135,1.200174485277629,.0145252522944431,
2018m10,1.222974117673228,1.344780088808081,.1218059711348531,1.341093005814826,.0000135945809992,
2018m11,1.083016395145967,1.248119552876348,.165103157730381,1.201135283287565,.0022075215887914,
2018m12,1.077199473998242,1.293426552486816,.2162270784885734,1.19531836213984,.0096252170131583,
2019m1,1.1770670017448,1.138036173355084,-.0390308283897161,1.295185889886398,.0246960334058724,
2019m2,1.033096896980228,1.344369261156799,.3112723641765709,1.151215785121826,.0373082653043928,
2019m3,1.068543618309088,1.254190631899035,.1856470135899471,1.186662506450685,.004560047726568,
2019m4,1.197102989075694,1.513740553568747,.3166375644930526,1.315221877217292,.0394096648603335,
2019m5,1.120975025295402,1.270871456733647,.1498964314382458,1.239093913437,.0010098122579703,
2019m6,1.117715585192637,1.277673280889984,.1599576956973472,1.235834473334235,.001750485817687,
2019m7,1.220969427913456,1.362069481008604,.1411000530951483,1.339088316055054,.0005281339426223,
2019m8,1.1310896904411,1.297229688726224,.1661399982851239,1.249208578582698,.0023060270194166,
2019m9,1.113684204795599,1.215215595287191,.101531390491592,1.231803092937197,.000275145078289,
2019m10,1.24457726185546,1.439190070051526,.1946128081960656,1.362696149997058,.0058513198052993,
2019m11,1.156067465217639,1.490155269743721,.3340878045260829,1.274186353359237,.0466425728442886,
2019m12,1.122663569087547,1.199116688027251,.076453118939704,1.240782457229145,.0017360363231855,
2020m1,1.136547623132088,1.430554070821792,.2940064476897042,1.254666511273686,.0309364336037886,
2020m2,1.029717035879225,1.236693374624522,.2069763387452968,1.147835924020823,.0078956465277887,
2020m3,1.07491824969912,1.289458258035441,.2145400083363211,1.193037137840718,.0092970324196052,
2020m4,1.024692514894456,1.24653342544967,.2218409105552139,1.142811403036054,.0107582579335706,
2020m5,.9065266913830858,1.122709745216542,.2161830538334557,1.024645579524684,.0096165805928401,
2020m6,1.014905379221188,1.389366846391735,.3744614671705466,1.133024267362786,.0657115178232127,
2020m7,1.115043937289659,1.467735919705262,.352691982415603,1.233162825431257,.0550245365572812,
2020m8,1.082216463430378,1.205644582420307,.1234281189899291,1.200335351571976,.0000281879322009,
2020m9,1.146372516727367,1.310765136081588,.1643926193542211,1.264491404868965,.0021412582003381,
2020m10,1.116481175746358,1.492496548087617,.3760153723412589,1.234600063887956,.0665105965625459,
2020m11,1.106817539258311,1.401751863136063,.2949343238777526,1.224936427399909,.0312636983145662,
2020m12,1.042682195841512,1.275004497509555,.2323223016680438,1.16080108398311,.0130424196610924,
2021m1,.7896328827527864,.7226891846612226,-.0669436980915639,.9077517708943845,.0342481608233065,
2021m2,.8183948279755898,1.067109294770133,.248714466794543,.9365137161171879,.0170552051636975,
2021m3,.8642667066393936,.8624572523708931,-.0018094542685005,.9823855947809917,.0143828073132339,
2021m4,.9085882345752552,.8928214175623421,-.015766817012913,1.026707122716853,.0179253820447207,
2021m5,.8999347574426672,.990643290304009,.0907085328613418,1.018053645584265,.0007513275765899,
2021m6,1.044813232276492,1.15240568066308,.107592448386588,1.16293212041809,.0001108059339159,
2021m7,.9476758751486155,.9905760305082117,.0429001553595962,1.065794763290214,.0056578577613302,
2021m8,.949981164172471,1.008029341883218,.058048177710747,1.068100052314069,.0036084902516672,
2021m9,.9423192184796366,1.190919570258062,.2486003517784258,1.060438106621235,.0170254123528088,
2021m10,1.002635193912457,.9742303287039321,-.0284048652085248,1.120754082054055,.0214692102958077,
2021m11,.9693319036974399,.9823388693288406,.0130069656314007,1.087450791839038,.0110485162537897,
2021m12,.9836600442931734,1.070988094082607,.0873280497894336,1.101778932434772,.0009480757264291,
2022m1,.9103374203312178,.8813091817352224,-.0290282385959953,1.028456308472816,.0216522769071294,
2022m2,.8471588364180569,.9472683751513646,.1001095387333077,.965277724559655,.0003243366661099,
2022m3,.9387055858230771,1.037307754784934,.0986021689618568,1.056824473964675,.0003809023275409,
2022m4,.9377780811535805,1.112396989888925,.1746189087353445,1.055896969295179,.0031922523270938,
2022m5,.9794545442790404,.9759443203468986,-.0035102239321418,1.097573432420639,.0147936409038464,
2022m6,1.001251696013986,.9448417889328287,-.056409907081157,1.119370584155584,.0304603003619064,
2022m7,.965280740736095,1.000012589249297,.0347318485132022,1.083399628877693,.0069533983779877,
2022m8,.979148602418964,.9609747687768347,-.0181738336421292,1.097267490560562,.0185757060112165,
2022m9,.9620465760358511,.9693342864311056,.0072877103952546,1.080165464177449,.0122835499606416,
2022m10,.9640295738226605,1.414577577112139,.4505480032894782,1.082148461964259,.1105091165980025,
2022m11,.9302820876262261,1.171050472575139,.2407683849489124,1.048400975767824,.0150428990670874,
2022m12,.9604211883942132,1.062182221278628,.1017610328844148,1.078540076535811,.000267579428615,
2023m1,.9023962909728039,.8903303151883253,-.0120659757844787,1.020515179114402,.0169480987954511,
2023m2,.8555434230427628,.7607247173103093,-.0948187057324534,.9736623111843609,.0453424188848705,
2023m3,.8991563816952088,.9410946941711832,.0419383124759743,1.017275269836807,.0058034801087458,
2023m4,.9349255944764671,.8490248233689704,-.0859007711074966,1.053044482618065,.0416240213601167,.0219945040709093
2023m5,.9210716907083327,1.001027848482169,.0799561577738364,1.039190578849931,.0014563939891225,.0003080546983619
2023m6,.917200881883107,1.006510505516078,.0893096236329709,1.035319770024705,.000829973721528,.000723876492109
2023m7,.9665921664243637,.9333791372096731,-.0332130292146906,1.084711054565962,.0229013492107306,.0091427445377447
2023m8,.9340443119472188,.9709190945290942,.0368747825818754,1.052163200088817,.0066006046881994,.0006517751875292
2023m9,.8850720400057162,1.076593175689691,.191521135683975,1.003190928147314,.0053878899442724,.0166710615289198
2023m10,.9522864683772845,1.095715583311927,.1434291149346421,1.070405356518882,.0006406075803153,.0065649605628811
2023m11,.9901988202222679,1.225099792272584,.2349009720503158,1.108317708363866,.0136380551220628,.029754973978152
2023m12,.9137392998570708,1.132054745285287,.2183154454282166,1.031858187998669,.0100393500920906,.0243081696750991
2024m1,.9748457894492067,.9130064570216655,-.0618393324275412,1.092964677590805,.032384961150411,.0154365723141555
2024m2,.852431268611704,.8991617627924609,.0467304941807568,.9705501567533021,.0050963027923083,.0002456798096824
2024m3,.9295435526820088,1.061232674377636,.1316891216956275,1.047662440823607,.0001841512387109,.0048003351492084
2024m4,1.005684251401989,1.092078707321407,.0863944559194176,1.123803139543587,.0010064395998197,.0005755097946809
2024m5,.9719344416743035,.9027357695819482,-.0691986720923553,1.090053329815902,.0350878683720008,.0173194398351804
2024m6,.9936467218028032,.920747283323559,-.0728994384792442,1.111765609944401,.0364880011050268,.0183072019618768
2024m7,1.039039517205607,1.406708853829874,.3676693366242672,1.157158405347205,,
2024m8,.9903059881104723,1.09520068727444,.1048946991639674,1.10842487625207,,
2024m9,.9497021282287361,.8782589058613235,-.0714432223674126,1.067821016370334,,
2024m10,1.050466606085209,1.003676329487437,-.0467902765977724,1.168585494226807,,
2024m11,1.052022436855252,1.04145354319011,-.0105688936651429,1.17014132499685,,
2024m12,1.009939233088598,1.219694145696705,.2097549126081075,1.128058121230196,,
2025m1,.9765130097060439,1.105097334558776,.1285843248527319,1.094631897847642,,
2025m2,.993220364081413,.9842663106499088,-.0089540534315042,1.111339252223011,,
2025m3,1.01889669659678,.8963787081377264,-.1225179884590535,1.137015584738378,,
2025m4,1.043029048063638,.8688125164935203,-.1742165315701174,1.161147936205236,,
2025m5,1.076847910466996,.7172640029219721,-.359583907545024,1.194966798608594,,
2025m6,1.074068903217978,.9461588930631522,-.1279100101548256,1.192187791359576,,
2025m7,1.242474352251072,.9268292815183973,-.3156450707326744,1.36059324039267,,
2025m8,1.084565040115314,1.091987236775289,.0074221966599752,1.202683928256912,,
2025m9,1.125698574418,1.008399016916485,-.1172995575015154,1.243817462559598,,
