period,relative_time,series,mean_log_price,mean_price,units
2023-10-23,-35,beef,4.805302605425171,122.73345713520754,2
2023-10-30,-34,beef,5.139115824599827,176.98878533007513,7
2023-11-06,-33,beef,5.045593292856882,193.74796674238706,8
2023-11-13,-32,beef,5.080266857841938,169.99640534856243,6
2023-11-20,-31,beef,5.264407089404986,237.4375253969305,8
2023-11-27,-30,beef,4.921700916680822,143.97146109978718,8
2023-12-04,-29,beef,4.910630730373848,137.1075527742623,8
2023-12-11,-28,beef,5.051086741282582,160.22526916446066,8
2023-12-18,-27,beef,5.60331715635659,368.9675839524842,7
2023-12-25,-26,beef,5.1027940668595795,168.32583344966758,8
2024-01-01,-25,beef,4.920894090094824,140.5484837661,7
2024-01-08,-24,beef,4.9226740884932045,140.13123868015398,8
2024-01-15,-23,beef,4.855732319608917,142.9463898069314,8
2024-01-22,-22,beef,4.993109631480196,154.2253279083647,8
2024-01-29,-21,beef,4.972122624362695,149.07380582890545,8
2024-02-05,-20,beef,5.239781602129765,477.03657186625173,8
2024-02-12,-19,beef,4.970261414435029,159.42146764076304,8
2024-02-19,-18,beef,5.528640180050433,725.6131885591913,8
2024-02-26,-17,beef,5.145947565499215,196.84731577967926,8
2024-03-04,-16,beef,4.939983411902257,144.43245059868576,8
2024-03-11,-15,beef,5.080355059046886,179.82356154804145,7
2024-03-18,-14,beef,5.14370988623148,181.57626121555327,8
2024-03-25,-13,beef,5.282518423297003,205.77694742509766,7
2024-04-01,-12,beef,5.106693459201504,171.10804566698798,8
2024-04-08,-11,beef,5.017930591531791,153.49815500685762,8
2024-04-15,-10,beef,4.901488846262774,140.6335153633091,8
2024-04-22,-9,beef,4.808114172965796,125.74670858477921,8
2024-04-29,-8,beef,5.0006185593294,153.01999598648524,8
2024-05-06,-7,beef,4.971553381399009,156.20214417765467,8
2024-05-13,-6,beef,5.179546301252488,195.41782543744048,5
2024-05-27,-4,beef,5.057883473498791,159.7955878368131,8
2024-06-03,-3,beef,4.819216308692821,143.59459663205848,8
2024-06-10,-2,beef,4.681347123245654,125.90839435329416,8
2024-06-17,-1,beef,5.026264805409683,155.2684252409388,8
2024-07-01,1,beef,5.206422453754179,186.73916915997836,8
2024-07-08,2,beef,5.092009536151723,168.15339593164126,8
2024-07-15,3,beef,5.112900693750582,172.14525186394184,8
2024-07-22,4,beef,5.160100178819718,179.21360540044202,8
2024-07-29,5,beef,4.952264433188779,147.54875654731475,8
2024-08-05,6,beef,5.059307252293362,160.07192947740853,8
2024-08-12,7,beef,5.034011761155289,159.15038853661602,8
2024-08-19,8,beef,4.978311687397914,151.36896593569423,8
2024-08-26,9,beef,5.04033091866213,156.3770322800645,8
2024-09-02,10,beef,5.198134991103399,204.2192654866041,6
2024-10-07,15,beef,5.11966433979944,174.0266169624748,8
2024-10-14,16,beef,5.742341764332102,456.982871693407,7
2024-10-21,17,beef,4.816425134008835,126.27930956110144,8
2024-10-28,18,beef,5.501535560802121,521.2701171389572,7
2024-11-04,19,beef,5.75611199945481,807.1226765994086,8
2024-11-11,20,beef,5.491130775360544,537.8017200796652,8
2024-11-18,21,beef,5.401159628767123,464.24043600424886,8
2024-11-25,22,beef,5.6631584926556595,810.8026334657998,8
2024-12-02,23,beef,5.222527230741794,382.47679940131036,8
2024-12-09,24,beef,5.75532534723414,1228.7764946781817,8
2024-12-16,25,beef,5.479159769843125,4314.910112694802,8
2024-12-23,26,beef,5.759840388004527,992.2294583344726,8
2024-12-30,27,beef,5.124828413546642,187.90994616557526,8
2025-01-06,28,beef,5.416135921459131,405.5271608676993,8
2025-01-13,29,beef,5.110064322040017,332.550760758803,8
2025-01-20,30,beef,5.7094471874179895,831.6289093648713,8
2025-01-27,31,beef,5.614969848438066,597.0454730099544,6
2025-02-03,32,beef,5.256559458479913,272.97297664678484,8
2025-02-10,33,beef,5.238219741447878,239.31134210755502,8
2025-02-17,34,beef,4.939618439764143,146.68898308683222,8
2025-02-24,35,beef,5.366321515493145,267.42161549957166,8
2025-03-03,36,beef,5.567802158341867,465.9736749760098,8
2025-03-10,37,beef,5.191810921804338,225.0757393770148,8
2025-03-17,38,beef,5.077353911372328,165.53098968576856,8
2025-03-24,39,beef,5.426663475237314,363.0544396804283,8
2025-03-31,40,beef,5.605962533860217,445.7392165747568,8
2025-04-07,41,beef,5.874085016308133,733.5747360070354,8
2025-04-14,42,beef,5.76916078553969,528.0419788753455,6
2025-04-21,43,beef,5.47726240870746,413.87178366408926,8
2025-04-28,44,beef,5.617539417976793,469.0226263535192,8
2025-05-05,45,beef,5.209685209780505,192.72818866636618,8
2025-05-12,46,beef,5.198616875599175,187.96304658987876,8
2025-05-19,47,beef,5.140993512989511,172.367114247186,8
2025-05-26,48,beef,5.614085432643208,310.7971160390756,8
2025-06-02,49,beef,5.676579293456758,383.45411486162544,4
2025-06-09,50,beef,5.426707381567478,258.5054319905531,5
2025-06-16,51,beef,5.162382865241261,179.5237365553739,5
2025-06-23,52,beef,5.080213893984739,163.39106222373337,5
2025-06-30,53,beef,5.224865836190885,187.62407182237075,5
2025-07-07,54,beef,5.182434205763384,179.3822883558462,5
2025-07-14,55,beef,5.062055592598158,159.85919879549624,5
2025-07-21,56,beef,5.0817182847607665,164.56834085852248,5
2025-07-28,57,beef,5.430827763923174,268.2172680936728,5
2025-08-04,58,beef,5.361846216230262,257.51784322820396,8
2025-08-11,59,beef,5.320515022030923,208.03225544274056,8
2025-08-18,60,beef,5.075777136245124,172.32362523597584,8
2025-08-25,61,beef,5.096997831807886,169.68816153118385,7
2025-09-01,62,beef,5.120766765750515,171.67607519328507,8
2025-09-08,63,beef,5.289588268952046,206.632171875898,8
2025-09-15,64,beef,5.006056839728543,155.16879958110724,8
2025-09-22,65,beef,5.168160364139946,182.68775662976148,8
2025-09-29,66,beef,5.384463781050251,246.92706727376682,8
2025-10-06,67,beef,5.277517730274893,243.1810198836135,8
2025-10-13,68,beef,5.228068791058662,201.39032181631052,8
2025-10-20,69,beef,5.0523444272224936,172.26017657783456,8
2025-10-27,70,beef,5.258952823846377,211.26160521141531,8
2025-11-03,71,beef,5.259088233274472,200.67725325976556,8
2025-11-10,72,beef,5.0923332871242595,168.71968145036283,8
2025-11-17,73,beef,5.107949118362931,179.86183620449634,8
2025-11-24,74,beef,5.155658760994326,185.6211117930689,8
2025-12-01,75,beef,5.2605205784341,233.7634220043046,8
2025-12-08,76,beef,5.331795301171368,252.6332200296082,8
2025-12-15,77,beef,5.669855209812355,629.2761917802527,7
2025-12-22,78,beef,4.943136372642533,165.49579329026457,8
2025-12-29,79,beef,5.1744049142647155,180.4883049414548,8
2026-01-05,80,beef,4.875235081737851,144.1387260502167,8
2026-01-12,81,beef,5.056583744726428,159.99327488754523,8
2026-01-19,82,beef,5.1512883649561,183.13309506671078,8
2026-01-26,83,beef,5.24039112298361,227.37417884625842,7
2026-02-02,84,beef,5.137736660589015,236.80426669394672,8
2026-02-09,85,beef,5.0916817696332926,172.64940406075166,8
2026-02-16,86,beef,5.477848971421408,443.8594259237132,7
2026-02-23,87,beef,5.433506558906877,831.7171371664172,7
2026-03-02,88,beef,5.0223969112625495,157.32930474893945,8
2026-03-09,89,beef,5.010557268833091,155.5114868063312,8
2026-03-16,90,beef,5.058282125905086,165.83903295798444,8
2026-03-23,91,beef,5.149424411995134,180.07389426228568,8
2026-03-30,92,beef,4.867019887771183,136.02674910912398,6
2026-04-06,93,beef,5.149570885168358,176.50860386374754,8
2026-04-13,94,beef,5.121631791699236,174.81945630416413,8
2026-04-20,95,beef,5.107849197872306,168.51956251001644,8
2026-04-27,96,beef,5.054055658914677,167.33405724378508,8
2026-05-04,97,beef,5.256490875816178,207.20277843676874,8
2026-05-11,98,beef,5.071220844120405,168.83730537006574,8
2026-05-18,99,beef,5.165549966397541,180.1994440852478,7
2026-05-25,100,beef,5.252172220214098,274.9126234977083,8
2026-06-01,101,beef,5.3561053447793086,277.27252867919566,7
2026-06-08,102,beef,6.416022533652838,1038.8361858187488,3
2023-10-23,-35,control_food,4.796240463395956,133.73072806609932,15
2023-10-30,-34,control_food,5.297761789556081,520.1490175012422,58
2023-11-06,-33,control_food,5.197308237545663,406.7137154796542,62
2023-11-13,-32,control_food,5.086930297869755,524.0823292062312,60
2023-11-20,-31,control_food,5.15922827137299,277.8937191844851,64
2023-11-27,-30,control_food,4.984319451398505,190.87847420230815,63
2023-12-04,-29,control_food,4.89884358065284,164.04353159495003,65
2023-12-11,-28,control_food,5.032427332007915,202.89851077352787,61
2023-12-18,-27,control_food,5.064063212475065,318.4976033344218,54
2023-12-25,-26,control_food,4.97258423866427,437.6649510525378,62
2024-01-01,-25,control_food,4.973084804708738,395.79642455818896,66
2024-01-08,-24,control_food,4.987916752282601,306.4726093381372,64
2024-01-15,-23,control_food,4.999873683017106,220.4477447880218,63
2024-01-22,-22,control_food,4.95372175259289,383.16495357857883,66
2024-01-29,-21,control_food,5.02251067433746,206.68902576300596,64
2024-02-05,-20,control_food,5.127070127310682,770.0809949620774,66
2024-02-12,-19,control_food,5.111637040720657,282.89361632113645,67
2024-02-19,-18,control_food,5.0648797419002545,383.54462453971956,66
2024-02-26,-17,control_food,4.978043315458286,277.67275163339264,63
2024-03-04,-16,control_food,5.05134932463895,226.87844901162484,63
2024-03-11,-15,control_food,5.258116009660734,457.1004331814166,66
2024-03-18,-14,control_food,4.8766989738825215,208.60832877284605,65
2024-03-25,-13,control_food,5.028282649574596,228.4757422270822,58
2024-04-01,-12,control_food,4.961314758415379,493.83171380121877,65
2024-04-08,-11,control_food,4.9399350341833275,456.48012992369644,64
2024-04-15,-10,control_food,5.230290197203419,419.9597638323192,65
2024-04-22,-9,control_food,5.307564432019283,574.6853678490683,64
2024-04-29,-8,control_food,4.875816435801948,162.79112700096613,62
2024-05-06,-7,control_food,4.926913231553608,180.59660515951543,63
2024-05-13,-6,control_food,5.098901172753882,415.7787385559985,47
2024-05-27,-4,control_food,5.012108041890091,357.1489366101028,67
2024-06-03,-3,control_food,5.23074598867548,717.1270090535123,66
2024-06-10,-2,control_food,5.1441947256394664,360.04860674467113,67
2024-06-17,-1,control_food,5.080986645318601,230.2799890834077,59
2024-07-01,1,control_food,5.173645961794233,588.2729462689539,65
2024-07-08,2,control_food,4.818392315470905,157.36719411845488,64
2024-07-15,3,control_food,5.199152570522046,726.172218244083,61
2024-07-22,4,control_food,4.955435807591746,312.0770453313854,63
2024-07-29,5,control_food,5.024106083920337,304.8353047058518,66
2024-08-05,6,control_food,4.9484236972593445,241.69102798216994,65
2024-08-12,7,control_food,5.222079881491718,551.200876333813,60
2024-08-19,8,control_food,5.1094457589306925,224.87615992084676,64
2024-08-26,9,control_food,5.280380666778556,577.2721511819658,61
2024-09-02,10,control_food,5.105025490143811,402.39250241746424,39
2024-10-07,15,control_food,5.181935432901596,454.08073900393964,65
2024-10-14,16,control_food,5.238480556728404,344.26336836150733,57
2024-10-21,17,control_food,5.301625138526771,335.4599503925391,61
2024-10-28,18,control_food,5.213832837100459,303.4834774784099,62
2024-11-04,19,control_food,5.154748788530757,248.96200024527323,59
2024-11-11,20,control_food,5.063571235577287,287.1257652110797,63
2024-11-18,21,control_food,5.048588862356374,339.1679387135854,66
2024-11-25,22,control_food,5.320889995607706,488.30136290547676,65
2024-12-02,23,control_food,5.268471646580602,730.7662119599056,61
2024-12-09,24,control_food,5.265189133878076,447.5424316600681,65
2024-12-16,25,control_food,5.446280789055559,510.7879981158511,58
2024-12-23,26,control_food,5.268040810725447,479.14467198930583,61
2024-12-30,27,control_food,5.0438236252520054,210.17447057585545,65
2025-01-06,28,control_food,5.0535660787109595,307.8377905722434,65
2025-01-13,29,control_food,5.121437830251226,455.6962717539865,64
2025-01-20,30,control_food,5.229495216787325,318.92937156172627,62
2025-01-27,31,control_food,5.091134656718631,458.20886514627824,61
2025-02-03,32,control_food,5.064714385401548,405.9090605644272,63
2025-02-10,33,control_food,5.029418629053623,218.42704173097133,65
2025-02-17,34,control_food,5.335505269066555,479.070955258973,63
2025-02-24,35,control_food,4.976458793168834,200.74058630531093,63
2025-03-03,36,control_food,5.007185359500889,237.96010446071506,64
2025-03-10,37,control_food,4.932594083186775,397.78657132570333,65
2025-03-17,38,control_food,5.0797002542317085,408.4223528399539,65
2025-03-24,39,control_food,5.106623287718686,501.15282211650947,65
2025-03-31,40,control_food,5.062404415263395,402.0867890714156,67
2025-04-07,41,control_food,4.995514627560686,225.41676714816384,66
2025-04-14,42,control_food,5.066382594716141,225.99101559407967,57
2025-04-21,43,control_food,5.088341492584781,310.28672136976024,65
2025-04-28,44,control_food,5.198242862029866,428.59679177844447,64
2025-05-05,45,control_food,5.214223079188444,947.7975924654544,60
2025-05-12,46,control_food,5.057575649511701,381.143066018959,64
2025-05-19,47,control_food,5.022783588084563,293.3964895633475,64
2025-05-26,48,control_food,5.114141777909002,352.17078472084563,62
2025-06-02,49,control_food,4.778965207382761,346.0767775617228,46
2025-06-09,50,control_food,5.2788985552956715,486.3895833389095,40
2025-06-16,51,control_food,5.251667185394628,904.5335584873101,39
2025-06-23,52,control_food,5.086500252193444,663.5371804560808,41
2025-06-30,53,control_food,4.803011836788943,157.61987333584264,41
2025-07-07,54,control_food,4.873191592307942,186.08675705906086,40
2025-07-14,55,control_food,5.38151266038411,574.4708706693547,40
2025-07-21,56,control_food,5.105976602068406,397.55090958925655,39
2025-07-28,57,control_food,5.057132331355479,507.2687746585986,41
2025-08-04,58,control_food,4.941881577244634,212.7985597225848,66
2025-08-11,59,control_food,5.186809881185662,493.6428595415823,64
2025-08-18,60,control_food,4.941366368743695,185.07210981228275,62
2025-08-25,61,control_food,5.100070439145433,259.65606476313746,60
2025-09-01,62,control_food,4.954162056403009,254.82017253420057,63
2025-09-08,63,control_food,4.888587619436973,208.967117437753,64
2025-09-15,64,control_food,5.262308300485108,432.16410678681626,64
2025-09-22,65,control_food,5.153242217727731,297.6275342116997,61
2025-09-29,66,control_food,5.00539619279415,302.3341001280471,67
2025-10-06,67,control_food,5.030855305944396,254.71809525132673,67
2025-10-13,68,control_food,5.068836436542763,243.10443480155845,67
2025-10-20,69,control_food,4.907422824151515,262.9559908875015,64
2025-10-27,70,control_food,5.096089268579419,251.5524120322006,64
2025-11-03,71,control_food,5.007796280307378,278.38597455340243,64
2025-11-10,72,control_food,4.992762506023023,229.11400387685208,63
2025-11-17,73,control_food,5.116709536141216,368.7944451691505,62
2025-11-24,74,control_food,5.030780339928754,227.27722024482864,64
2025-12-01,75,control_food,5.441764850788465,711.0283302795868,60
2025-12-08,76,control_food,4.979039324585846,246.2141998724887,63
2025-12-15,77,control_food,5.06485846469253,252.14708527974975,58
2025-12-22,78,control_food,4.947985209163871,298.9707781176544,61
2025-12-29,79,control_food,5.1367034670889415,300.1779955584719,63
2026-01-05,80,control_food,4.946548898171896,280.84236730972594,62
2026-01-12,81,control_food,4.916336589214265,274.4888275292149,63
2026-01-19,82,control_food,4.852476994643167,180.22693347266338,63
2026-01-26,83,control_food,4.948597278423735,225.04379819876064,66
2026-02-02,84,control_food,4.901653513378786,182.40822857094503,63
2026-02-09,85,control_food,4.980065723294145,231.63467726184547,64
2026-02-16,86,control_food,4.819013648588783,177.47621408445792,68
2026-02-23,87,control_food,4.938418215220585,296.7300963055206,65
2026-03-02,88,control_food,5.000740674716211,824.6774289933321,66
2026-03-09,89,control_food,5.0594898964547355,391.8571170757281,65
2026-03-16,90,control_food,4.919609697731755,330.1009614826091,65
2026-03-23,91,control_food,4.698659846041821,161.67823587122567,66
2026-03-30,92,control_food,4.8806596835392915,173.1059875665925,58
2026-04-06,93,control_food,4.942059445287865,253.10445813395881,64
2026-04-13,94,control_food,5.051104346700227,659.8678786206673,66
2026-04-20,95,control_food,4.80048339503169,210.75894616612422,64
2026-04-27,96,control_food,4.991354432025206,434.6483455756583,66
2026-05-04,97,control_food,4.769305980224823,178.20721142265455,65
2026-05-11,98,control_food,4.8275426999646625,273.20800375124014,62
2026-05-18,99,control_food,4.857137084553079,198.2142455407003,63
2026-05-25,100,control_food,4.888718088488333,241.12846708281572,65
2026-06-01,101,control_food,4.769501531096592,248.09735045938035,65
2026-06-08,102,control_food,4.750873042232031,210.03193469722856,20
2023-10-23,-35,dairy_cattle,4.739424971868586,130.00688709671078,2
2023-10-30,-34,dairy_cattle,5.39335363825129,271.15211068845036,7
2023-11-06,-33,dairy_cattle,4.974749726077069,163.00165611612863,8
2023-11-13,-32,dairy_cattle,4.956449966896715,183.33749230126216,8
2023-11-20,-31,dairy_cattle,5.19585334915124,234.32666064695005,8
2023-11-27,-30,dairy_cattle,5.0775292204436315,212.1808697485524,8
2023-12-04,-29,dairy_cattle,5.10833194640256,202.6208264088301,8
2023-12-11,-28,dairy_cattle,4.95030773515207,165.58628782153673,8
2023-12-18,-27,dairy_cattle,5.2167632592435815,400.37683759348033,8
2023-12-25,-26,dairy_cattle,5.117220523553138,201.91192489644686,8
2024-01-01,-25,dairy_cattle,5.007727126946926,174.53253791301802,8
2024-01-08,-24,dairy_cattle,4.883713457863888,174.40226860824492,8
2024-01-15,-23,dairy_cattle,5.086798244556977,213.43044928622083,8
2024-01-22,-22,dairy_cattle,5.075722367898787,226.12235878399238,8
2024-01-29,-21,dairy_cattle,4.9919413523510325,189.81167518938253,8
2024-02-05,-20,dairy_cattle,5.02839272656418,194.8171561094303,8
2024-02-12,-19,dairy_cattle,5.085268823533001,239.5098017964154,8
2024-02-19,-18,dairy_cattle,5.102146983044291,217.69864183097675,8
2024-02-26,-17,dairy_cattle,5.1749182765773405,205.47875422531027,8
2024-03-04,-16,dairy_cattle,4.968037781703687,193.75073683964862,8
2024-03-11,-15,dairy_cattle,5.332379978618227,261.0123136975192,8
2024-03-18,-14,dairy_cattle,5.107625296629197,200.99551285522256,7
2024-03-25,-13,dairy_cattle,4.905691374358778,172.98325928448224,8
2024-04-01,-12,dairy_cattle,4.964294221990351,196.9870869137175,8
2024-04-08,-11,dairy_cattle,5.053615417119122,182.50973576920455,8
2024-04-15,-10,dairy_cattle,5.222123604564329,263.4565625835901,8
2024-04-22,-9,dairy_cattle,5.322821228089717,249.96337646832498,8
2024-04-29,-8,dairy_cattle,5.1531500421563505,195.04996231665666,8
2024-05-06,-7,dairy_cattle,4.916882774965136,149.13359672192905,8
2024-05-13,-6,dairy_cattle,4.166827999490447,89.59043306204872,8
2024-05-27,-4,dairy_cattle,5.039156037282007,204.06126646990919,8
2024-06-03,-3,dairy_cattle,5.821624319459142,686.1053197536793,8
2024-06-10,-2,dairy_cattle,5.533459565862312,408.16079551891755,8
2024-06-17,-1,dairy_cattle,4.921446252238475,148.57789216572147,8
2024-07-01,1,dairy_cattle,5.398319309630843,285.07486502187896,8
2024-07-08,2,dairy_cattle,5.0973493668784675,263.47945722151,8
2024-07-15,3,dairy_cattle,5.12850218041241,198.8476902291681,8
2024-07-22,4,dairy_cattle,5.142467961345064,191.9616026323274,8
2024-07-29,5,dairy_cattle,5.151447193539563,224.5654816315451,8
2024-08-05,6,dairy_cattle,5.203179302106836,216.58134734765198,8
2024-08-12,7,dairy_cattle,5.319998187677022,250.49751455029568,8
2024-08-19,8,dairy_cattle,5.1526090031028575,221.78126454827301,8
2024-08-26,9,dairy_cattle,5.366465752998466,260.41586960728506,8
2024-09-02,10,dairy_cattle,4.8127257814863045,133.21831799222704,7
2024-10-07,15,dairy_cattle,5.336364224631911,260.4169908609389,8
2024-10-14,16,dairy_cattle,5.216378354411752,202.83611314887906,7
2024-10-21,17,dairy_cattle,5.1856999394008065,208.57689130643263,8
2024-10-28,18,dairy_cattle,5.443562529993116,345.97293032832613,8
2024-11-04,19,dairy_cattle,4.973949975238741,157.25659933963976,8
2024-11-11,20,dairy_cattle,4.912352576441682,154.03073280533872,8
2024-11-18,21,dairy_cattle,4.930303410962713,154.50363335608097,8
2024-11-25,22,dairy_cattle,5.17502468011088,213.71225848041965,8
2024-12-02,23,dairy_cattle,5.087920092894802,212.26471675092236,8
2024-12-09,24,dairy_cattle,5.083822564006177,187.82128242372204,8
2024-12-16,25,dairy_cattle,5.006801232830551,235.10598985396945,8
2024-12-23,26,dairy_cattle,5.505019716108707,339.5466344838371,8
2024-12-30,27,dairy_cattle,5.137573829937285,195.20637948794527,8
2025-01-06,28,dairy_cattle,5.182976899478892,205.56642549545964,8
2025-01-13,29,dairy_cattle,5.244667719344816,259.6353182975886,8
2025-01-20,30,dairy_cattle,5.053354851241573,240.45683981005715,8
2025-01-27,31,dairy_cattle,4.826959900636353,153.05158007581895,8
2025-02-03,32,dairy_cattle,5.552856117208991,355.09312610692245,8
2025-02-10,33,dairy_cattle,5.043948167732252,188.86384760293902,8
2025-02-17,34,dairy_cattle,5.123195399390044,249.69109745220345,8
2025-02-24,35,dairy_cattle,5.425151044835427,350.9184361031006,8
2025-03-03,36,dairy_cattle,5.131751484002393,185.81647975415996,8
2025-03-10,37,dairy_cattle,5.01313884470264,199.31951718922738,8
2025-03-17,38,dairy_cattle,5.238904218008616,246.42624678032038,8
2025-03-24,39,dairy_cattle,4.959763251287672,159.54238089702673,8
2025-03-31,40,dairy_cattle,5.391465000055439,292.7841568098236,8
2025-04-07,41,dairy_cattle,5.302012624624034,244.88416909076835,8
2025-04-14,42,dairy_cattle,5.371751056328071,300.36883217200955,7
2025-04-21,43,dairy_cattle,5.086991827874458,188.8958094934465,8
2025-04-28,44,dairy_cattle,5.621349826152365,355.539017033978,8
2025-05-05,45,dairy_cattle,5.216977912341413,261.9384338860025,8
2025-05-12,46,dairy_cattle,5.2230408003964195,271.329562039445,8
2025-05-19,47,dairy_cattle,4.8972617393198865,145.6163779795107,8
2025-05-26,48,dairy_cattle,5.266673459099048,287.94584124032366,8
2025-06-02,49,dairy_cattle,4.9475126467867225,216.67948665405024,7
2025-06-09,50,dairy_cattle,5.294623349836398,262.929125659488,5
2025-06-16,51,dairy_cattle,5.790643855243977,818.6751314762292,5
2025-06-23,52,dairy_cattle,5.169255639753703,262.8031914902555,5
2025-06-30,53,dairy_cattle,5.2252054340485525,239.1632724815966,5
2025-07-07,54,dairy_cattle,4.890256353223445,144.21034763829348,5
2025-07-14,55,dairy_cattle,5.468536821438065,472.75895325717863,5
2025-07-21,56,dairy_cattle,5.246981088389748,244.06422849698302,5
2025-07-28,57,dairy_cattle,5.334203919306956,317.97185120703216,5
2025-08-04,58,dairy_cattle,5.2176327118310475,236.66866985461726,8
2025-08-11,59,dairy_cattle,5.196227521674009,227.61364794113467,8
2025-08-18,60,dairy_cattle,5.0800281974495824,181.47316716461177,8
2025-08-25,61,dairy_cattle,5.293354508065995,239.75851174199147,8
2025-09-01,62,dairy_cattle,5.303402094313379,270.6309623550827,8
2025-09-08,63,dairy_cattle,5.111308956689987,238.7231843750897,8
2025-09-15,64,dairy_cattle,5.440141976754974,346.41920716100765,8
2025-09-22,65,dairy_cattle,5.224844274982385,244.66295569594348,8
2025-09-29,66,dairy_cattle,5.135842741965504,221.70347913574136,8
2025-10-06,67,dairy_cattle,5.2136135747996954,223.08877135942018,8
2025-10-13,68,dairy_cattle,5.086553855747945,189.72140055515686,8
2025-10-20,69,dairy_cattle,4.974635224260325,174.3313556117157,8
2025-10-27,70,dairy_cattle,5.263943149649542,248.19837483552183,8
2025-11-03,71,dairy_cattle,5.265049724250419,255.20307601668924,8
2025-11-10,72,dairy_cattle,5.139536169743671,255.18186589640334,8
2025-11-17,73,dairy_cattle,5.204530185415166,246.1403944725644,8
2025-11-24,74,dairy_cattle,5.030187922978369,179.15906069730693,8
2025-12-01,75,dairy_cattle,5.39849240562994,357.8082703757503,8
2025-12-08,76,dairy_cattle,5.10214158366518,189.66961789947064,8
2025-12-15,77,dairy_cattle,5.194345708954574,204.02131456441285,8
2025-12-22,78,dairy_cattle,5.218079934007138,287.07261924201265,8
2025-12-29,79,dairy_cattle,5.38717775903838,321.27040241998094,8
2026-01-05,80,dairy_cattle,5.0725299297085105,204.5714382824069,8
2026-01-12,81,dairy_cattle,5.0335728479941055,229.63683784640534,8
2026-01-19,82,dairy_cattle,4.952203611896685,162.50085421671187,8
2026-01-26,83,dairy_cattle,5.114564831478863,206.1698827126444,8
2026-02-02,84,dairy_cattle,5.079654258054881,178.6106131635181,8
2026-02-09,85,dairy_cattle,5.221645913940121,241.2971861035659,8
2026-02-16,86,dairy_cattle,4.9770754281168355,168.72173906012392,8
2026-02-23,87,dairy_cattle,5.198711316929428,268.9442788675298,8
2026-03-02,88,dairy_cattle,4.959146081150296,177.25180436127044,8
2026-03-09,89,dairy_cattle,5.285714753064328,335.8071254022435,8
2026-03-16,90,dairy_cattle,5.299226335308519,325.9536673038778,8
2026-03-23,91,dairy_cattle,5.018328618124049,180.9121175854647,8
2026-03-30,92,dairy_cattle,4.927966425189146,168.71311849109918,8
2026-04-06,93,dairy_cattle,5.29390842094589,280.1901913198635,8
2026-04-13,94,dairy_cattle,5.255232724679226,285.7626128254178,8
2026-04-20,95,dairy_cattle,5.071161765660387,183.66846483811952,8
2026-04-27,96,dairy_cattle,5.362246379892279,340.54825182926857,8
2026-05-04,97,dairy_cattle,5.205071644359662,204.9077592011298,8
2026-05-11,98,dairy_cattle,5.112108592716956,249.3958830289186,8
2026-05-18,99,dairy_cattle,5.221913455077937,238.77431714005897,8
2026-05-25,100,dairy_cattle,5.2750774066304755,232.3542099534217,8
2026-06-01,101,dairy_cattle,5.113988202979637,211.2285288610069,8
2026-06-08,102,dairy_cattle,4.983679047041217,156.94357279259404,6
2023-10-23,-35,lamb_sheep_goat,4.2160871524033166,67.76779976442876,1
2023-10-30,-34,lamb_sheep_goat,5.428173921793742,773.0381430351234,6
2023-11-06,-33,lamb_sheep_goat,5.394613866634117,2794.7839529780995,6
2023-11-13,-32,lamb_sheep_goat,4.991136832009555,344.44501234046794,6
2023-11-20,-31,lamb_sheep_goat,5.042782093391697,2334.6116596603847,6
2023-11-27,-30,lamb_sheep_goat,4.235930982206852,93.89323725403062,6
2023-12-04,-29,lamb_sheep_goat,5.05502659729538,1813.823682459181,7
2023-12-11,-28,lamb_sheep_goat,4.784368847586888,121.84263977324656,4
2023-12-18,-27,lamb_sheep_goat,1.8156345086053391,68.59619200827932,3
2023-12-25,-26,lamb_sheep_goat,6.362238110014118,3963.8972522849526,6
2024-01-01,-25,lamb_sheep_goat,5.480545349536122,4121.861951315733,6
2024-01-08,-24,lamb_sheep_goat,4.7107136535741025,128.91253298624636,6
2024-01-15,-23,lamb_sheep_goat,4.973592118367643,1803.1855005758648,7
2024-01-22,-22,lamb_sheep_goat,4.903785661442073,163.96182567237926,7
2024-01-29,-21,lamb_sheep_goat,5.854196231846337,1790.756308570819,7
2024-02-05,-20,lamb_sheep_goat,5.109049898124967,173.18445659031056,5
2024-02-12,-19,lamb_sheep_goat,4.979503635916122,1437.7557115512764,6
2024-02-19,-18,lamb_sheep_goat,5.064651225160209,166.09684564427863,7
2024-02-26,-17,lamb_sheep_goat,4.672675976342055,136.20657839523446,6
2024-03-04,-16,lamb_sheep_goat,4.745341893456977,143.88250793174709,7
2024-03-11,-15,lamb_sheep_goat,5.408552900728854,2075.820262671809,7
2024-03-18,-14,lamb_sheep_goat,5.58710213217137,1680.9310804021509,8
2024-03-25,-13,lamb_sheep_goat,5.200811012511019,187.97184790488473,6
2024-04-01,-12,lamb_sheep_goat,5.637251459276314,2796.6910816185846,5
2024-04-08,-11,lamb_sheep_goat,5.731855974064331,3761.8962316949846,5
2024-04-15,-10,lamb_sheep_goat,5.159925819977523,176.93805312208272,4
2024-04-22,-9,lamb_sheep_goat,4.770294889309229,143.49784094298823,6
2024-04-29,-8,lamb_sheep_goat,5.531193154241801,3466.2904443206667,6
2024-05-06,-7,lamb_sheep_goat,5.631853006125799,2414.7586395370627,6
2024-05-13,-6,lamb_sheep_goat,-0.1312551593165705,30.770987123068924,2
2024-05-27,-4,lamb_sheep_goat,5.635541336417036,2372.2844427002246,7
2024-06-03,-3,lamb_sheep_goat,5.70005209831525,4700.521956734773,6
2024-06-10,-2,lamb_sheep_goat,4.566773612533041,104.35281532929294,5
2024-06-17,-1,lamb_sheep_goat,4.940679550416365,149.93970757807628,6
2024-07-01,1,lamb_sheep_goat,4.326166965602069,81.79349351565511,6
2024-07-08,2,lamb_sheep_goat,4.619827589344121,111.84581881388587,5
2024-07-15,3,lamb_sheep_goat,4.819940758911154,128.14033576518955,6
2024-07-22,4,lamb_sheep_goat,4.908133979215383,142.715824470739,5
2024-07-29,5,lamb_sheep_goat,4.696200511478143,117.24626433430868,5
2024-08-05,6,lamb_sheep_goat,4.357784229361189,94.37959908995826,7
2024-08-12,7,lamb_sheep_goat,4.360139495687857,112.69519523798769,7
2024-08-19,8,lamb_sheep_goat,5.074850933250896,192.22859911881392,6
2024-08-26,9,lamb_sheep_goat,4.5866105765371925,113.88165967217977,7
2024-09-02,10,lamb_sheep_goat,5.192456231513898,232.0772789924783,3
2024-10-07,15,lamb_sheep_goat,4.658978999568577,119.48997025915571,7
2024-10-14,16,lamb_sheep_goat,4.580624610630858,105.32362428207219,5
2024-10-21,17,lamb_sheep_goat,5.0453157145938405,179.63870660567352,6
2024-10-28,18,lamb_sheep_goat,4.773007167515525,151.7538546069859,7
2024-11-04,19,lamb_sheep_goat,5.663219667586391,500.0251853548534,7
2024-11-11,20,lamb_sheep_goat,4.724023240095126,124.4402022892195,6
2024-11-18,21,lamb_sheep_goat,6.73345060909988,11967.174569275092,5
2024-11-25,22,lamb_sheep_goat,5.531187768596953,586.6451479334308,7
2024-12-02,23,lamb_sheep_goat,4.939564527146863,249.87203788209092,6
2024-12-09,24,lamb_sheep_goat,5.139970319979933,407.67145139297486,6
2024-12-16,25,lamb_sheep_goat,5.733324387507283,2079.2064263306543,5
2024-12-23,26,lamb_sheep_goat,5.3291707221339,642.4327748015832,7
2024-12-30,27,lamb_sheep_goat,5.083134330239731,170.15324464271615,6
2025-01-06,28,lamb_sheep_goat,5.103150107978649,367.29004247559334,5
2025-01-13,29,lamb_sheep_goat,5.0362514254236705,419.3843376534897,7
2025-01-20,30,lamb_sheep_goat,4.931061464713407,279.2910356392184,7
2025-01-27,31,lamb_sheep_goat,4.633031511739482,111.41693429337104,5
2025-02-03,32,lamb_sheep_goat,4.9637634892480795,149.0309458230247,5
2025-02-10,33,lamb_sheep_goat,4.770147529982907,123.98689974075337,5
2025-02-17,34,lamb_sheep_goat,4.304446982049814,76.74741918500457,4
2025-02-24,35,lamb_sheep_goat,4.4619968981005265,117.04595051328589,8
2025-03-03,36,lamb_sheep_goat,4.7120781006242,122.1149543022925,7
2025-03-10,37,lamb_sheep_goat,4.601614225890394,115.96676495009888,7
2025-03-17,38,lamb_sheep_goat,4.892043198591842,155.3463967976701,6
2025-03-24,39,lamb_sheep_goat,4.805592578121626,137.86097114899505,6
2025-03-31,40,lamb_sheep_goat,4.729286358059009,126.49291322620147,7
2025-04-07,41,lamb_sheep_goat,4.959340492303149,149.0147718981689,6
2025-04-14,42,lamb_sheep_goat,5.193649855661832,190.06554898743528,6
2025-04-21,43,lamb_sheep_goat,5.091613308686073,167.8755802304134,5
2025-04-28,44,lamb_sheep_goat,4.7532070277035094,132.37943965744654,7
2025-05-05,45,lamb_sheep_goat,4.973368210157761,158.3443515396251,6
2025-05-12,46,lamb_sheep_goat,4.76719372254969,130.193978260047,5
2025-05-19,47,lamb_sheep_goat,4.767364252532354,125.7095812547064,5
2025-05-26,48,lamb_sheep_goat,5.025707981483976,159.3079967298378,6
2025-06-02,49,lamb_sheep_goat,4.318450222354805,122.03383811858077,2
2025-06-09,50,lamb_sheep_goat,5.165075252037803,175.6270526183305,3
2025-06-16,51,lamb_sheep_goat,4.824973241374047,143.49296085858586,3
2025-06-23,52,lamb_sheep_goat,4.7341129234914785,138.5796740460437,4
2025-06-30,53,lamb_sheep_goat,4.6876523501860765,161.0935024868357,4
2025-07-07,54,lamb_sheep_goat,4.844997464249465,141.68178697719424,2
2025-07-14,55,lamb_sheep_goat,4.904803860921817,139.82418300653597,2
2025-07-21,56,lamb_sheep_goat,3.8801986221001608,94.63552754435109,2
2025-07-28,57,lamb_sheep_goat,4.399891342891148,119.36388805892727,3
2025-08-04,58,lamb_sheep_goat,5.502456991054474,512.6231592968808,6
2025-08-11,59,lamb_sheep_goat,4.640318353898954,144.94307886814192,6
2025-08-18,60,lamb_sheep_goat,4.673037600462894,107.37967887229138,4
2025-08-25,61,lamb_sheep_goat,4.81986547667911,278.4092476433962,7
2025-09-01,62,lamb_sheep_goat,4.342985593096176,89.2420662152265,6
2025-09-08,63,lamb_sheep_goat,5.197924179222591,293.69719188339803,7
2025-09-15,64,lamb_sheep_goat,5.069834380983734,171.0245479792643,6
2025-09-22,65,lamb_sheep_goat,4.618204940320134,123.9618258953975,7
2025-09-29,66,lamb_sheep_goat,4.662041266995442,111.58597082679216,7
2025-10-06,67,lamb_sheep_goat,4.527237915682148,167.54950134489007,7
2025-10-13,68,lamb_sheep_goat,4.815238168034427,131.6446975000341,6
2025-10-20,69,lamb_sheep_goat,5.309517830208418,339.1862838569526,6
2025-10-27,70,lamb_sheep_goat,4.774620607975953,129.9521180372992,7
2025-11-03,71,lamb_sheep_goat,5.072685380766465,244.49106890864934,7
2025-11-10,72,lamb_sheep_goat,4.405094100579951,110.40742907668755,7
2025-11-17,73,lamb_sheep_goat,4.909355139418452,149.51670751340302,6
2025-11-24,74,lamb_sheep_goat,4.884181906558372,292.85484965943164,8
2025-12-01,75,lamb_sheep_goat,4.744091212577975,136.9255717954962,6
2025-12-08,76,lamb_sheep_goat,5.021723670403206,165.0041113323142,5
2025-12-15,77,lamb_sheep_goat,4.680724336303458,127.62226499095564,5
2025-12-22,78,lamb_sheep_goat,4.856900509074815,166.97353208683958,6
2025-12-29,79,lamb_sheep_goat,4.616942431478641,111.00079642563757,6
2026-01-05,80,lamb_sheep_goat,4.619772738001025,114.0690144112857,5
2026-01-12,81,lamb_sheep_goat,4.41125469742762,93.97043440002807,6
2026-01-19,82,lamb_sheep_goat,4.2817556049278815,86.33718871214673,6
2026-01-26,83,lamb_sheep_goat,4.266337015196869,87.53563858335124,7
2026-02-02,84,lamb_sheep_goat,4.342567177651355,84.06712792971989,6
2026-02-09,85,lamb_sheep_goat,4.233814769484192,78.08268938514493,6
2026-02-16,86,lamb_sheep_goat,5.077799999394058,187.41436474995956,6
2026-02-23,87,lamb_sheep_goat,4.570585121780565,109.32138265551787,7
2026-03-02,88,lamb_sheep_goat,4.5105840280841125,110.69813440989242,6
2026-03-09,89,lamb_sheep_goat,4.946227674881968,150.48127658476375,5
2026-03-16,90,lamb_sheep_goat,4.529817201682017,107.75173161760442,6
2026-03-23,91,lamb_sheep_goat,4.939032927095999,148.22770667314367,7
2026-03-30,92,lamb_sheep_goat,4.845322680817474,144.19102925670154,6
2026-04-06,93,lamb_sheep_goat,4.90999608568156,171.65966180234014,7
2026-04-13,94,lamb_sheep_goat,4.528771971058709,106.36245104026155,7
2026-04-20,95,lamb_sheep_goat,4.531586193270999,144.7199427430315,6
2026-04-27,96,lamb_sheep_goat,4.230356010915681,88.10876561195941,7
2026-05-04,97,lamb_sheep_goat,4.931067841313015,152.20158441453998,6
2026-05-11,98,lamb_sheep_goat,4.404701602458628,85.15349270449315,5
2026-05-18,99,lamb_sheep_goat,4.41526639125124,83.67128540523143,5
2026-05-25,100,lamb_sheep_goat,4.659819045284849,114.43424793763037,7
2026-06-01,101,lamb_sheep_goat,4.6197571387699625,126.97956963524312,6
2026-06-08,102,lamb_sheep_goat,4.857986201068666,160.2473475754096,4
2023-10-23,-35,mixed_livestock,4.648401743039988,104.72609297447049,2
2023-10-30,-34,mixed_livestock,4.642925177083872,106.00066240491348,6
2023-11-06,-33,mixed_livestock,4.610157340597697,107.93767492648537,7
2023-11-13,-32,mixed_livestock,4.724659632456773,120.12672310935098,7
2023-11-20,-31,mixed_livestock,4.572898593164197,102.29142641179631,8
2023-11-27,-30,mixed_livestock,4.554500151957315,102.22973354063365,8
2023-12-04,-29,mixed_livestock,4.58424625165443,102.9928839406006,7
2023-12-11,-28,mixed_livestock,4.662747388161949,111.59591063817784,7
2023-12-18,-27,mixed_livestock,5.007701731316337,169.43496830714645,3
2023-12-25,-26,mixed_livestock,4.518561582124114,98.67537143225758,8
2024-01-01,-25,mixed_livestock,4.515482087101187,101.99478825493107,8
2024-01-08,-24,mixed_livestock,4.559756292582146,103.1239676712771,7
2024-01-15,-23,mixed_livestock,4.576598068829662,101.84123456716641,8
2024-01-22,-22,mixed_livestock,4.803360368359883,129.40621002036835,8
2024-01-29,-21,mixed_livestock,4.7732114282950375,126.88160490829509,8
2024-02-05,-20,mixed_livestock,4.7455740164190585,118.6737272880326,7
2024-02-12,-19,mixed_livestock,4.57436406929119,103.57119314055039,8
2024-02-19,-18,mixed_livestock,4.521467303169413,99.66148724022526,8
2024-02-26,-17,mixed_livestock,4.7732146547265915,124.2497201381537,8
2024-03-04,-16,mixed_livestock,4.55997417947089,98.92908531445137,8
2024-03-11,-15,mixed_livestock,4.683810557406597,111.50053976797176,8
2024-03-18,-14,mixed_livestock,4.407852199624,88.77459275387496,6
2024-03-25,-13,mixed_livestock,4.806929152819476,128.59454338042949,5
2024-04-01,-12,mixed_livestock,4.532921009296229,94.4213525556688,8
2024-04-08,-11,mixed_livestock,4.7554210503335534,118.41849980416951,6
2024-04-15,-10,mixed_livestock,4.820302221874594,136.15796239808887,7
2024-04-22,-9,mixed_livestock,4.686248957532947,116.97711531298975,8
2024-04-29,-8,mixed_livestock,4.482153525217513,93.05644209840804,8
2024-05-06,-7,mixed_livestock,4.763882530999132,125.31075789920169,7
2024-05-13,-6,mixed_livestock,4.2195244188633385,79.79451238576239,4
2024-05-27,-4,mixed_livestock,4.63668921246084,104.69291686164902,8
2024-06-03,-3,mixed_livestock,4.5746398544978994,97.5378534235729,8
2024-06-10,-2,mixed_livestock,4.5417953339050605,94.99540120843682,6
2024-06-17,-1,mixed_livestock,4.574819337272704,100.15588299506011,8
2024-07-01,1,mixed_livestock,4.695053349710758,114.69908281409184,8
2024-07-08,2,mixed_livestock,4.530592759506932,98.53517385289017,8
2024-07-15,3,mixed_livestock,4.586028755156498,102.0798082228632,7
2024-07-22,4,mixed_livestock,4.4319910333900285,89.26507630482256,8
2024-07-29,5,mixed_livestock,4.658766776706299,108.9741111427239,8
2024-08-05,6,mixed_livestock,4.538154877591711,96.68412060647054,7
2024-08-12,7,mixed_livestock,4.571658161963512,100.1228458675123,8
2024-08-19,8,mixed_livestock,4.652116407509349,111.32513056852895,7
2024-08-26,9,mixed_livestock,4.469544698384359,90.13527011735523,7
2024-09-02,10,mixed_livestock,4.3612503518971675,89.88590462507734,4
2024-10-07,15,mixed_livestock,4.824359280277273,140.8347781835405,8
2024-10-14,16,mixed_livestock,5.4767943184983485,666.9774669981231,6
2024-10-21,17,mixed_livestock,4.41699090884552,86.84053159595643,7
2024-10-28,18,mixed_livestock,4.992185565995482,464.1372070414889,7
2024-11-04,19,mixed_livestock,4.7473305607424034,116.42436955317918,7
2024-11-11,20,mixed_livestock,5.289941182547999,2862.9313713763713,6
2024-11-18,21,mixed_livestock,6.030461859566748,8414.736684375135,6
2024-11-25,22,mixed_livestock,5.305477147224694,2002.6711514680758,7
2024-12-02,23,mixed_livestock,4.540196543805005,97.10251071442045,8
2024-12-09,24,mixed_livestock,4.547150624979436,99.33295068070423,8
2024-12-16,25,mixed_livestock,5.429744932058335,4853.056855512662,7
2024-12-23,26,mixed_livestock,5.7303758077993425,4991.474162718218,7
2024-12-30,27,mixed_livestock,5.596544082898095,1680.4142360665787,8
2025-01-06,28,mixed_livestock,5.430667631383213,1496.4816341651588,7
2025-01-13,29,mixed_livestock,5.057782927003439,1133.2253939966197,8
2025-01-20,30,mixed_livestock,5.48188146819907,1261.4407673081223,8
2025-01-27,31,mixed_livestock,5.370212182247566,1186.4962768703292,7
2025-02-03,32,mixed_livestock,5.530667047830771,2519.6920054005964,7
2025-02-10,33,mixed_livestock,4.833809940255747,276.03377662424367,8
2025-02-17,34,mixed_livestock,4.573885554010644,103.18722032556191,7
2025-02-24,35,mixed_livestock,6.578250320831377,2244.0510626057885,7
2025-03-03,36,mixed_livestock,5.397862024195608,828.1213404116439,7
2025-03-10,37,mixed_livestock,6.3532721378850585,2698.4373324417534,7
2025-03-17,38,mixed_livestock,4.630701784120206,108.74262573212296,8
2025-03-24,39,mixed_livestock,5.3476370698668045,2480.236146455042,7
2025-03-31,40,mixed_livestock,6.043793050205614,4301.511633850465,7
2025-04-07,41,mixed_livestock,5.184672911699765,1178.3742795731957,8
2025-04-14,42,mixed_livestock,5.69266032630965,2776.376374787087,5
2025-04-21,43,mixed_livestock,5.560424557151386,2507.692760654114,7
2025-04-28,44,mixed_livestock,5.1749147521302294,799.7229391415257,7
2025-05-05,45,mixed_livestock,5.523890229781749,1806.286323984041,8
2025-05-12,46,mixed_livestock,5.03959713595809,451.7674668502016,8
2025-05-19,47,mixed_livestock,4.74743613811757,118.1276119164081,8
2025-05-26,48,mixed_livestock,5.720194198598277,1060.4448802234836,7
2025-06-02,49,mixed_livestock,4.7937475203316255,143.4920433014881,5
2025-06-09,50,mixed_livestock,6.606531244534915,3583.6947487339894,4
2025-06-16,51,mixed_livestock,5.684121417676244,829.9299911297852,5
2025-06-23,52,mixed_livestock,4.522818268022974,93.99748190943045,4
2025-06-30,53,mixed_livestock,4.495878415618336,90.05763522002448,4
2025-07-07,54,mixed_livestock,4.581918731326379,98.29014095008073,3
2025-07-14,55,mixed_livestock,6.68973038867755,4089.773892056001,4
2025-07-21,56,mixed_livestock,5.867054599180358,3428.8620165770453,4
2025-07-28,57,mixed_livestock,5.2255074543301,709.9944135171648,5
2025-08-04,58,mixed_livestock,5.788005070262331,1262.9392272409173,7
2025-08-11,59,mixed_livestock,5.347022417467177,1067.9558279417267,7
2025-08-18,60,mixed_livestock,4.864979519535579,349.1239618003248,7
2025-08-25,61,mixed_livestock,5.5840115111285495,1621.3057817179042,8
2025-09-01,62,mixed_livestock,6.446573093579624,3370.867775152116,7
2025-09-08,63,mixed_livestock,4.743191472009908,116.84446683954118,8
2025-09-15,64,mixed_livestock,5.772114099190467,1533.1559065147303,7
2025-09-22,65,mixed_livestock,5.169077661194271,711.4250044596707,8
2025-09-29,66,mixed_livestock,4.604347242562332,105.22373995930654,8
2025-10-06,67,mixed_livestock,5.308616760852888,1943.2003465895846,8
2025-10-13,68,mixed_livestock,6.127940696934926,2006.6526409241892,8
2025-10-20,69,mixed_livestock,5.398819158052092,1896.7173985224515,7
2025-10-27,70,mixed_livestock,5.119950969113241,596.3807285776015,8
2025-11-03,71,mixed_livestock,5.7510589698746815,2808.6572428505474,6
2025-11-10,72,mixed_livestock,5.292460528784938,2002.7944167441801,7
2025-11-17,73,mixed_livestock,4.544321282551235,103.76034988866677,7
2025-11-24,74,mixed_livestock,4.692867893474093,115.72738707765033,8
2025-12-01,75,mixed_livestock,5.9306858534721325,1713.7569405288555,7
2025-12-08,76,mixed_livestock,6.253226552298317,6062.719265913044,7
2025-12-15,77,mixed_livestock,4.710836146464411,111.99122488582472,7
2025-12-22,78,mixed_livestock,4.555231543008037,101.90350768116748,6
2025-12-29,79,mixed_livestock,4.748802051769873,119.13527529410564,7
2026-01-05,80,mixed_livestock,4.47982944908143,88.82003634703233,7
2026-01-12,81,mixed_livestock,4.616834073022044,102.33985575399937,8
2026-01-19,82,mixed_livestock,4.686882113937787,109.68115920316266,8
2026-01-26,83,mixed_livestock,5.645105677187077,2306.7416619469195,8
2026-02-02,84,mixed_livestock,5.351547465762086,2192.981197879254,8
2026-02-09,85,mixed_livestock,4.403146912485544,87.57476185142009,7
2026-02-16,86,mixed_livestock,4.601097915653619,106.43419159116323,8
2026-02-23,87,mixed_livestock,5.55765995421585,1823.860081173881,8
2026-03-02,88,mixed_livestock,5.20651279074265,1767.6932665912145,8
2026-03-09,89,mixed_livestock,5.132219475074159,996.3283198642266,7
2026-03-16,90,mixed_livestock,5.721926099888232,3987.791212806579,8
2026-03-23,91,mixed_livestock,4.628990683879764,106.61783952677476,7
2026-03-30,92,mixed_livestock,5.345126421908073,1315.6958564355493,6
2026-04-06,93,mixed_livestock,5.819055878314956,2199.5781823267016,7
2026-04-13,94,mixed_livestock,5.26054683661287,1661.617753112021,7
2026-04-20,95,mixed_livestock,5.148208869725105,1136.614532138,7
2026-04-27,96,mixed_livestock,5.796075295847525,1980.063907265468,7
2026-05-04,97,mixed_livestock,5.321659421258865,1292.9797281540298,8
2026-05-11,98,mixed_livestock,5.206048834589254,882.3140280538965,7
2026-05-18,99,mixed_livestock,4.5178548113903805,94.3992978469635,7
2026-05-25,100,mixed_livestock,5.848202783157579,1681.672875630582,7
2026-06-01,101,mixed_livestock,5.187650080574837,1935.146791723745,8
2026-06-08,102,mixed_livestock,4.78712230540991,129.89787581699346,2
2023-10-23,-35,pork,4.795078366762973,120.92849873545336,2
2023-10-30,-34,pork,5.285331060834478,271.31683808414743,7
2023-11-06,-33,pork,4.776849447865059,123.43205023704749,8
2023-11-13,-32,pork,4.824954669684059,129.72619035635816,8
2023-11-20,-31,pork,4.97861946101413,151.40742410577627,8
2023-11-27,-30,pork,4.755813978250994,118.36442848181203,8
2023-12-04,-29,pork,4.752725713343025,119.83529984262584,8
2023-12-11,-28,pork,4.781191184683462,122.9873713442492,8
2023-12-18,-27,pork,4.620505369187511,110.50461940862662,8
2023-12-25,-26,pork,4.845307501520788,129.1178772229332,8
2024-01-01,-25,pork,4.88951635409158,139.85913683878763,8
2024-01-08,-24,pork,4.819191735294881,124.66750446805187,8
2024-01-15,-23,pork,4.836652533953415,129.9108584535581,7
2024-01-22,-22,pork,4.85974101787332,133.7898670687964,8
2024-01-29,-21,pork,4.754981008772863,119.51771703077719,8
2024-02-05,-20,pork,4.873505596613004,135.25739932831678,8
2024-02-12,-19,pork,4.843132928950313,133.4562184187832,8
2024-02-19,-18,pork,4.860517900147303,133.1948344497961,8
2024-02-26,-17,pork,4.782470174452469,124.898807298594,8
2024-03-04,-16,pork,4.931470936743168,144.89596027553472,8
2024-03-11,-15,pork,4.754236420224009,121.67199002567511,8
2024-03-18,-14,pork,4.823155512890441,128.48672083016874,8
2024-03-25,-13,pork,4.95025244066215,152.06922454032525,7
2024-04-01,-12,pork,4.8309693119664106,129.8658092019286,8
2024-04-08,-11,pork,4.889835750176775,134.8145551959106,8
2024-04-15,-10,pork,4.774578376486054,120.52657378837509,8
2024-04-22,-9,pork,4.848913300810842,132.10664496801144,8
2024-04-29,-8,pork,5.107535821976169,407.96430825664504,8
2024-05-06,-7,pork,4.912811739829769,138.11923029520972,8
2024-05-13,-6,pork,4.927888814250394,145.61057578893056,6
2024-05-27,-4,pork,4.79325853501099,121.86454097492619,8
2024-06-03,-3,pork,4.862097037336937,132.7689813234891,8
2024-06-10,-2,pork,4.8178263215039845,125.783765549213,8
2024-06-17,-1,pork,4.899174417615304,141.22085185005142,8
2024-07-01,1,pork,4.867692005920644,130.88384845309588,8
2024-07-08,2,pork,5.061811867086899,181.34719839827426,8
2024-07-15,3,pork,4.914904380241592,137.78203488663019,8
2024-07-22,4,pork,5.151918874347934,344.9090166512683,7
2024-07-29,5,pork,4.948315075098183,148.49564996839422,8
2024-08-05,6,pork,5.202454023064146,456.63005365644653,8
2024-08-12,7,pork,4.847893491507576,129.4907082680076,7
2024-08-19,8,pork,4.895284122715502,137.17298297023297,8
2024-08-26,9,pork,4.776784636660784,121.34511948611112,8
2024-09-02,10,pork,4.561191284589675,125.04587689855717,5
2024-10-07,15,pork,4.823196551469644,126.55643902897545,8
2024-10-14,16,pork,4.788646037181614,122.7963703497468,7
2024-10-21,17,pork,4.754150259699603,119.26112895535672,8
2024-10-28,18,pork,4.793836250326878,124.21684228843937,8
2024-11-04,19,pork,4.882552392514986,135.92223751092715,8
2024-11-11,20,pork,4.75290487610937,117.46956963131059,8
2024-11-18,21,pork,4.842857606568569,129.1454302410398,8
2024-11-25,22,pork,4.753097817121886,118.3879188871167,8
2024-12-02,23,pork,4.683591963780026,111.41030459402708,8
2024-12-09,24,pork,4.836000321836695,127.80333358157544,8
2024-12-16,25,pork,4.77141304692439,126.6530903119108,8
2024-12-23,26,pork,4.776289005015502,119.02171764315722,8
2024-12-30,27,pork,4.8999117290585845,137.99148602277708,8
2025-01-06,28,pork,4.758265634642781,118.64468631868009,8
2025-01-13,29,pork,4.88819208469886,136.47771797526832,8
2025-01-20,30,pork,4.8576770478045646,130.74713600080776,8
2025-01-27,31,pork,5.392673105676312,443.4581741092358,6
2025-02-03,32,pork,4.886180465645044,135.5199271906414,8
2025-02-10,33,pork,5.117341535668128,281.90017653356074,8
2025-02-17,34,pork,4.795456088928161,122.70502143904484,7
2025-02-24,35,pork,4.921421708182627,139.85037772414492,8
2025-03-03,36,pork,4.877242234501056,134.16034931121433,8
2025-03-10,37,pork,4.774226929425479,120.45449257894258,7
2025-03-17,38,pork,4.8499140834515515,132.5403468051415,8
2025-03-24,39,pork,4.913072337210589,141.04391160338795,8
2025-03-31,40,pork,5.154333748743877,389.77466089671685,8
2025-04-07,41,pork,4.754219445662992,118.64120492001439,8
2025-04-14,42,pork,4.802311785165279,129.7474540909639,8
2025-04-21,43,pork,4.8077666151615075,124.91036657495235,8
2025-04-28,44,pork,4.840639036756743,127.56361233387499,8
2025-05-05,45,pork,4.8994059096524785,138.72436568219715,8
2025-05-12,46,pork,4.806845178179126,124.70959245694401,8
2025-05-19,47,pork,4.934560212438786,141.35380525492795,8
2025-05-26,48,pork,4.880283039996106,135.8118470555794,8
2025-06-02,49,pork,5.607456190975115,1707.4489894477106,5
2025-06-09,50,pork,4.8137911569333465,124.46561037368303,5
2025-06-16,51,pork,4.831255572998198,129.22982239068511,5
2025-06-23,52,pork,4.823193236558246,128.01147292030166,5
2025-06-30,53,pork,5.3224409892647015,461.31986322013427,5
2025-07-07,54,pork,4.717410866647491,114.9957416941487,5
2025-07-14,55,pork,4.826662879609472,125.7470167546797,5
2025-07-21,56,pork,4.907270348107626,136.91851013154175,5
2025-07-28,57,pork,4.778977144011341,120.39579279710513,5
2025-08-04,58,pork,4.936285587166846,141.5689289624537,8
2025-08-11,59,pork,4.97474309748982,149.03986910927873,8
2025-08-18,60,pork,4.890110276113182,136.46246234935904,8
2025-08-25,61,pork,4.915507492702093,138.46899399227385,8
2025-09-01,62,pork,5.172456475574894,295.43385680724856,8
2025-09-08,63,pork,4.811491470554483,127.86214812333309,8
2025-09-15,64,pork,4.814800160852632,124.13905335547605,8
2025-09-22,65,pork,4.823444246390535,127.29586276645612,8
2025-09-29,66,pork,4.844573106192642,127.99141961622385,8
2025-10-06,67,pork,4.901785717852344,136.3036030794734,8
2025-10-13,68,pork,4.892830661725812,135.67278321846504,8
2025-10-20,69,pork,5.3350455135074695,387.28312287753187,7
2025-10-27,70,pork,4.767908139268264,119.3546712716512,8
2025-11-03,71,pork,4.9156878141475975,137.67913164760608,8
2025-11-10,72,pork,4.815447936398622,125.65534456987108,8
2025-11-17,73,pork,4.86183947772948,131.4762184004378,8
2025-11-24,74,pork,4.994301750467246,159.96191677674395,8
2025-12-01,75,pork,5.1063901375142615,187.90941701691594,8
2025-12-08,76,pork,4.772958319286735,121.82597530528821,8
2025-12-15,77,pork,4.765161747223236,120.48771479767092,8
2025-12-22,78,pork,4.780291859890495,122.34848680031973,8
2025-12-29,79,pork,5.439052405054876,2113.033537063836,8
2026-01-05,80,pork,4.805881871739704,123.18770629132958,8
2026-01-12,81,pork,5.297699339101177,1401.4123999785977,8
2026-01-19,82,pork,4.775429585850459,120.03349946603409,8
2026-01-26,83,pork,5.494031549274418,2359.4605003033216,8
2026-02-02,84,pork,5.253216740912196,284.5036968245829,8
2026-02-09,85,pork,5.307585161957957,1294.9944299594458,8
2026-02-16,86,pork,4.934623254595986,149.85500410990443,8
2026-02-23,87,pork,5.636389906019886,2464.261496579784,8
2026-03-02,88,pork,4.951344490681279,166.0696537943174,8
2026-03-09,89,pork,4.910477247362269,136.82433648840424,8
2026-03-16,90,pork,5.07589441734036,184.77072486472522,8
2026-03-23,91,pork,4.902365045813308,143.85679370628733,8
2026-03-30,92,pork,4.767002187676388,121.56330671266733,7
2026-04-06,93,pork,4.9830982685972325,170.2789195138646,8
2026-04-13,94,pork,5.37445108715555,1479.5238654767143,8
2026-04-20,95,pork,4.76423020048019,118.71444980141204,8
2026-04-27,96,pork,4.785538401461458,122.74810119059981,8
2026-05-04,97,pork,5.765045911949651,1794.4923775084137,8
2026-05-11,98,pork,4.809269508840889,124.12284580067542,8
2026-05-18,99,pork,4.797083503216261,123.59647441280889,8
2026-05-25,100,pork,5.4829485176246475,3521.582271371948,8
2026-06-01,101,pork,5.368497482574445,1407.8631059613417,8
2026-06-08,102,pork,4.856341548194079,151.04065761284335,5
